TWL TitleID,CTR TitleID
# Sourced from https://3dbrew.org/wiki/3DS_DSiWare_Titles
000300044B323250,000480044B323250
000300044B32344A,000480044B32344A
000300044B323545,000480044B323545
000300044B32354A,000480044B32354A
000300044B323745,000480044B323745
000300044B32374A,000480044B32374A
000300044B323945,000480044B323945
000300044B323950,000480044B323950
000300044B324145,000480044B324145
000300044B324345,000480044B324345
000300044B32434A,000480044B32434A
000300044B32434B,000480044B32434B
000300044B324545,000480044B324545
000300044B324550,000480044B324550
000300044B324645,000480044B324645
000300044B32474A,000480044B32474A
000300044B324756,000480044B324756
000300044B324A45,000480044B324A45
000300044B324A50,000480044B324A50
000300044B324B4A,000480044B324B4A
000300044B324D4A,000480044B324D4A
000300044B324E45,000480044B324E45
000300044B324E50,000480044B324E50
000300044B324F45,000480044B324F45
000300044B324F4A,000480044B324F4A
000300044B324F50,000480044B324F50
000300044B325050,000480044B325050
000300044B325245,000480044B325245
000300044B325250,000480044B325250
000300044B325345,000480044B325345
000300044B32534A,000480044B32534A
000300044B325350,000480044B325350
000300044B325445,000480044B325445
000300044B325545,000480044B325545
000300044B325745,000480044B325745
000300044B325750,000480044B325750
000300044B325856,000480044B325856
000300044B325A45,000480044B325A45
000300044B325A4A,000480044B325A4A
000300044B333245,000480044B333245
000300044B333250,000480044B333250
000300044B333445,000480044B333445
000300044B33344A,000480044B33344A
000300044B333450,000480044B333450
000300044B333545,000480044B333545
000300044B33354A,000480044B33354A
000300044B333645,000480044B333645
000300044B333656,000480044B333656
000300044B33424A,000480044B33424A
000300044B334345,000480044B334345
000300044B33444A,000480044B33444A
000300044B33464A,000480044B33464A
000300044B334745,000480044B334745
000300044B33474A,000480044B33474A
000300044B334750,000480044B334750
000300044B33484A,000480044B33484A
000300044B33484B,000480044B33484B
000300044B334A45,000480044B334A45
000300044B334A50,000480044B334A50
000300044B334C4A,000480044B334C4A
000300044B334D45,000480044B334D45
000300044B334D4A,000480044B334D4A
000300044B334D50,000480044B334D50
000300044B334E45,000480044B334E45
000300044B334E4A,000480044B334E4A
000300044B334E50,000480044B334E50
000300044B334F45,000480044B334F45
000300044B334F4A,000480044B334F4A
000300044B33504A,000480044B33504A
000300044B335345,000480044B335345
000300044B33544A,000480044B33544A
000300044B33544B,000480044B33544B
000300044B335550,000480044B335550
000300044B335645,000480044B335645
000300044B335656,000480044B335656
000300044B335856,000480044B335856
000300044B343245,000480044B343245
000300044B343250,000480044B343250
000300044B343345,000480044B343345
000300044B343350,000480044B343350
000300044B343545,000480044B343545
000300044B343550,000480044B343550
000300044B34364A,000480044B34364A
000300044B34374A,000480044B34374A
000300044B34384A,000480044B34384A
000300044B34394A,000480044B34394A
000300044B344245,000480044B344245
000300044B344345,000480044B344345
000300044B344350,000480044B344350
000300044B344445,000480044B344445
000300044B344456,000480044B344456
000300044B344545,000480044B344545
000300044B34454A,000480044B34454A
000300044B344550,000480044B344550
000300044B344645,000480044B344645
000300044B344650,000480044B344650
000300044B34474A,000480044B34474A
000300044B344845,000480044B344845
000300044B34484A,000480044B34484A
000300044B344856,000480044B344856
000300044B344945,000480044B344945
000300044B34494A,000480044B34494A
000300044B344950,000480044B344950
000300044B344A45,000480044B344A45
000300044B344A50,000480044B344A50
000300044B344B45,000480044B344B45
000300044B344B4A,000480044B344B4A
000300044B344B56,000480044B344B56
000300044B344C45,000480044B344C45
000300044B344C50,000480044B344C50
000300044B344E45,000480044B344E45
000300044B344E50,000480044B344E50
000300044B344F4A,000480044B344F4A
000300044B345045,000480044B345045
000300044B345056,000480044B345056
000300044B345145,000480044B345145
000300044B345150,000480044B345150
000300044B345245,000480044B345245
000300044B34524A,000480044B34524A
000300044B345250,000480044B345250
000300044B345445,000480044B345445
000300044B345456,000480044B345456
000300044B345745,000480044B345745
000300044B345750,000480044B345750
000300044B345A45,000480044B345A45
000300044B345A50,000480044B345A50
000300044B353445,000480044B353445
000300044B35344A,000480044B35344A
000300044B35364A,000480044B35364A
000300044B353945,000480044B353945
000300044B35394A,000480044B35394A
000300044B35394B,000480044B35394B
000300044B353956,000480044B353956
000300044B354145,000480044B354145
000300044B354156,000480044B354156
000300044B354245,000480044B354245
000300044B354250,000480044B354250
000300044B354345,000480044B354345
000300044B354445,000480044B354445
000300044B35444A,000480044B35444A
000300044B354545,000480044B354545
000300044B35454A,000480044B35454A
000300044B354645,000480044B354645
000300044B35464A,000480044B35464A
000300044B354745,000480044B354745
000300044B35474A,000480044B35474A
000300044B354845,000480044B354845
000300044B354850,000480044B354850
000300044B354945,000480044B354945
000300044B354950,000480044B354950
000300044B354A45,000480044B354A45
000300044B354A4A,000480044B354A4A
000300044B354B45,000480044B354B45
000300044B354B4A,000480044B354B4A
000300044B354B50,000480044B354B50
000300044B354C45,000480044B354C45
000300044B354C50,000480044B354C50
000300044B354D45,000480044B354D45
000300044B354D4A,000480044B354D4A
000300044B354E45,000480044B354E45
000300044B354E4A,000480044B354E4A
000300044B354F45,000480044B354F45
000300044B354F4A,000480044B354F4A
000300044B355045,000480044B355045
000300044B355145,000480044B355145
000300044B35514A,000480044B35514A
000300044B355150,000480044B355150
000300044B35524A,000480044B35524A
000300044B35544A,000480044B35544A
000300044B355545,000480044B355545
000300044B355650,000480044B355650
000300044B363445,000480044B363445
000300044B36394A,000480044B36394A
000300044B36414A,000480044B36414A
000300044B364245,000480044B364245
000300044B364A4A,000480044B364A4A
000300044B364B45,000480044B364B45
000300044B364D4A,000480044B364D4A
000300044B36504A,000480044B36504A
000300044B365145,000480044B365145
000300044B36514A,000480044B36514A
000300044B365345,000480044B365345
000300044B365445,000480044B365445
000300044B373245,000480044B373245
000300044B373256,000480044B373256
000300044B373345,000480044B373345
000300044B374145,000480044B374145
000300044B374156,000480044B374156
000300044B374245,000480044B374245
000300044B374256,000480044B374256
000300044B374345,000480044B374345
000300044B374445,000480044B374445
000300044B374645,000480044B374645
000300044B374745,000480044B374745
000300044B374756,000480044B374756
000300044B374845,000480044B374845
000300044B374850,000480044B374850
000300044B374B45,000480044B374B45
000300044B374C4A,000480044B374C4A
000300044B37534A,000480044B37534A
000300044B375445,000480044B375445
000300044B375456,000480044B375456
000300044B375745,000480044B375745
000300044B375A45,000480044B375A45
000300044B38334A,000480044B38334A
000300044B38344A,000480044B38344A
000300044B38354A,000480044B38354A
000300044B383845,000480044B383845
000300044B383850,000480044B383850
000300044B384250,000480044B384250
000300044B38454A,000480044B38454A
000300044B38464A,000480044B38464A
000300044B384745,000480044B384745
000300044B38494A,000480044B38494A
000300044B38544A,000480044B38544A
000300044B38584A,000480044B38584A
000300044B393545,000480044B393545
000300044B393556,000480044B393556
000300044B393645,000480044B393645
000300044B39364A,000480044B39364A
000300044B39374A,000480044B39374A
000300044B39384A,000480044B39384A
000300044B393945,000480044B393945
000300044B39394A,000480044B39394A
000300044B393950,000480044B393950
000300044B394145,000480044B394145
000300044B394150,000480044B394150
000300044B394245,000480044B394245
000300044B39424A,000480044B39424A
000300044B39424B,000480044B39424B
000300044B394256,000480044B394256
000300044B39434A,000480044B39434A
000300044B39444A,000480044B39444A
000300044B394545,000480044B394545
000300044B394645,000480044B394645
000300044B394650,000480044B394650
000300044B394745,000480044B394745
000300044B394A45,000480044B394A45
000300044B394A4A,000480044B394A4A
000300044B394C4A,000480044B394C4A
000300044B394E4A,000480044B394E4A
000300044B395045,000480044B395045
000300044B395050,000480044B395050
000300044B395156,000480044B395156
000300044B39524A,000480044B39524A
000300044B395250,000480044B395250
000300044B39534A,000480044B39534A
000300044B395445,000480044B395445
000300044B395450,000480044B395450
000300044B395545,000480044B395545
000300044B395745,000480044B395745
000300044B395750,000480044B395750
000300044B395A50,000480044B395A50
000300044B413245,000480044B413245
000300044B41324A,000480044B41324A
000300044B413256,000480044B413256
000300044B413545,000480044B413545
000300044B413645,000480044B413645
000300044B413656,000480044B413656
000300044B41374A,000480044B41374A
000300044B413845,000480044B413845
000300044B41384A,000480044B41384A
000300044B41394A,000480044B41394A
000300044B414145,000480044B414145
000300044B41414A,000480044B41414A
000300044B414156,000480044B414156
000300044B414245,000480044B414245
000300044B41424A,000480044B41424A
000300044B414345,000480044B414345
000300044B414356,000480044B414356
000300044B414445,000480044B414445
000300044B41444A,000480044B41444A
000300044B414456,000480044B414456
000300044B414545,000480044B414545
000300044B414550,000480044B414550
000300044B414645,000480044B414645
000300044B414656,000480044B414656
000300044B41474A,000480044B41474A
000300044B414845,000480044B414845
000300044B41484A,000480044B41484A
000300044B414856,000480044B414856
000300044B414945,000480044B414945
000300044B41494A,000480044B41494A
000300044B414956,000480044B414956
000300044B414B45,000480044B414B45
000300044B414B4A,000480044B414B4A
000300044B414B56,000480044B414B56
000300044B414C45,000480044B414C45
000300044B414D45,000480044B414D45
000300044B414D4A,000480044B414D4A
000300044B414D4B,000480044B414D4B
000300044B414D56,000480044B414D56
000300044B414F45,000480044B414F45
000300044B415045,000480044B415045
000300044B41504A,000480044B41504A
000300044B415056,000480044B415056
000300044B415145,000480044B415145
000300044B41514A,000480044B41514A
000300044B41514B,000480044B41514B
000300044B415245,000480044B415245
000300044B415256,000480044B415256
000300044B415345,000480044B415345
000300044B41534A,000480044B41534A
000300044B415356,000480044B415356
000300044B415445,000480044B415445
000300044B415456,000480044B415456
000300044B415545,000480044B415545
000300044B41554A,000480044B41554A
000300044B415556,000480044B415556
000300044B415645,000480044B415645
000300044B41564A,000480044B41564A
000300044B415656,000480044B415656
000300044B415745,000480044B415745
000300044B415750,000480044B415750
000300044B415845,000480044B415845
000300044B415850,000480044B415850
000300044B415A45,000480044B415A45
000300044B415A4A,000480044B415A4A
000300044B415A4B,000480044B415A4B
000300044B415A56,000480044B415A56
000300044B423350,000480044B423350
000300044B423545,000480044B423545
000300044B423645,000480044B423645
000300044B423745,000480044B423745
000300044B423750,000480044B423750
000300044B423845,000480044B423845
000300044B42384A,000480044B42384A
000300044B423850,000480044B423850
000300044B42394A,000480044B42394A
000300044B424145,000480044B424145
000300044B424156,000480044B424156
000300044B424245,000480044B424245
000300044B42424A,000480044B42424A
000300044B424256,000480044B424256
000300044B424345,000480044B424345
000300044B42434A,000480044B42434A
000300044B424356,000480044B424356
000300044B424445,000480044B424445
000300044B424450,000480044B424450
000300044B424545,000480044B424545
000300044B42454A,000480044B42454A
000300044B424556,000480044B424556
000300044B42474A,000480044B42474A
000300044B424845,000480044B424845
000300044B424850,000480044B424850
000300044B424944,000480044B424944
000300044B424945,000480044B424945
000300044B424950,000480044B424950
000300044B424A45,000480044B424A45
000300044B424A50,000480044B424A50
000300044B424B45,000480044B424B45
000300044B424B56,000480044B424B56
000300044B424C45,000480044B424C45
000300044B424C50,000480044B424C50
000300044B424D45,000480044B424D45
000300044B424D4A,000480044B424D4A
000300044B424D56,000480044B424D56
000300044B424E45,000480044B424E45
000300044B424E4A,000480044B424E4A
000300044B424F45,000480044B424F45
000300044B424F50,000480044B424F50
000300044B425145,000480044B425145
000300044B42514A,000480044B42514A
000300044B425150,000480044B425150
000300044B42524A,000480044B42524A
000300044B42534A,000480044B42534A
000300044B425445,000480044B425445
000300044B42544A,000480044B42544A
000300044B425850,000480044B425850
000300044B425A45,000480044B425A45
000300044B425A4A,000480044B425A4A
000300044B425A4B,000480044B425A4B
000300044B433345,000480044B433345
000300044B433356,000480044B433356
000300044B433445,000480044B433445
000300044B433456,000480044B433456
000300044B433545,000480044B433545
000300044B43354A,000480044B43354A
000300044B433556,000480044B433556
000300044B433745,000480044B433745
000300044B433750,000480044B433750
000300044B43394A,000480044B43394A
000300044B43414A,000480044B43414A
000300044B43424A,000480044B43424A
000300044B434345,000480044B434345
000300044B434350,000480044B434350
000300044B43444A,000480044B43444A
000300044B434456,000480044B434456
000300044B434756,000480044B434756
000300044B43484A,000480044B43484A
000300044B434945,000480044B434945
000300044B434956,000480044B434956
000300044B434A45,000480044B434A45
000300044B434A50,000480044B434A50
000300044B434B4A,000480044B434B4A
000300044B434D45,000480044B434D45
000300044B434D4A,000480044B434D4A
000300044B434D56,000480044B434D56
000300044B434E44,000480044B434E44
000300044B434E45,000480044B434E45
000300044B434E46,000480044B434E46
000300044B434E49,000480044B434E49
000300044B434E4A,000480044B434E4A
000300044B434E50,000480044B434E50
000300044B434E53,000480044B434E53
000300044B434F45,000480044B434F45
000300044B434F4A,000480044B434F4A
000300044B434F56,000480044B434F56
000300044B43504A,000480044B43504A
000300044B435145,000480044B435145
000300044B435150,000480044B435150
000300044B435245,000480044B435245
000300044B435256,000480044B435256
000300044B43534A,000480044B43534A
000300044B435445,000480044B435445
000300044B435456,000480044B435456
000300044B43554A,000480044B43554A
000300044B435645,000480044B435645
000300044B435845,000480044B435845
000300044B435850,000480044B435850
000300044B435A45,000480044B435A45
000300044B435A4A,000480044B435A4A
000300044B443245,000480044B443245
000300044B44324A,000480044B44324A
000300044B44334A,000480044B44334A
000300044B44344A,000480044B44344A
000300044B44354A,000480044B44354A
000300044B443645,000480044B443645
000300044B443745,000480044B443745
000300044B44374A,000480044B44374A
000300044B443845,000480044B443845
000300044B443850,000480044B443850
000300044B443945,000480044B443945
000300044B44394A,000480044B44394A
000300044B443956,000480044B443956
000300044B444145,000480044B444145
000300044B44414A,000480044B44414A
000300044B444245,000480044B444245
000300044B44424A,000480044B44424A
000300044B444256,000480044B444256
000300044B444345,000480044B444345
000300044B444445,000480044B444445
000300044B44454A,000480044B44454A
000300044B444645,000480044B444645
000300044B44474A,000480044B44474A
000300044B444845,000480044B444845
000300044B44494A,000480044B44494A
000300044B444A45,000480044B444A45
000300044B444A56,000480044B444A56
000300044B444B45,000480044B444B45
000300044B444B50,000480044B444B50
000300044B444C45,000480044B444C45
000300044B444C56,000480044B444C56
000300044B444D45,000480044B444D45
000300044B444D4A,000480044B444D4A
000300044B444D56,000480044B444D56
000300044B444E4A,000480044B444E4A
000300044B445045,000480044B445045
000300044B445145,000480044B445145
000300044B44514A,000480044B44514A
000300044B445156,000480044B445156
000300044B445245,000480044B445245
000300044B44524A,000480044B44524A
000300044B445256,000480044B445256
000300044B445345,000480044B445345
000300044B445445,000480044B445445
000300044B445456,000480044B445456
000300044B44554A,000480044B44554A
000300044B44554B,000480044B44554B
000300044B445645,000480044B445645
000300044B445656,000480044B445656
000300044B445745,000480044B445745
000300044B445845,000480044B445845
000300044B44584A,000480044B44584A
000300044B445856,000480044B445856
000300044B445A45,000480044B445A45
000300044B445A4A,000480044B445A4A
000300044B445A56,000480044B445A56
000300044B45324A,000480044B45324A
000300044B453345,000480044B453345
000300044B45334A,000480044B45334A
000300044B453350,000480044B453350
000300044B453356,000480044B453356
000300044B45344A,000480044B45344A
000300044B45354A,000480044B45354A
000300044B453650,000480044B453650
000300044B453750,000480044B453750
000300044B45384A,000480044B45384A
000300044B453945,000480044B453945
000300044B454145,000480044B454145
000300044B45414A,000480044B45414A
000300044B454156,000480044B454156
000300044B454245,000480044B454245
000300044B45424A,000480044B45424A
000300044B454256,000480044B454256
000300044B454345,000480044B454345
000300044B45434A,000480044B45434A
000300044B454356,000480044B454356
000300044B454445,000480044B454445
000300044B45444A,000480044B45444A
000300044B454456,000480044B454456
000300044B454545,000480044B454545
000300044B45454A,000480044B45454A
000300044B454556,000480044B454556
000300044B454645,000480044B454645
000300044B45464A,000480044B45464A
000300044B454656,000480044B454656
000300044B454745,000480044B454745
000300044B45474A,000480044B45474A
000300044B454756,000480044B454756
000300044B454845,000480044B454845
000300044B45484A,000480044B45484A
000300044B454856,000480044B454856
000300044B454945,000480044B454945
000300044B45494A,000480044B45494A
000300044B454956,000480044B454956
000300044B454A45,000480044B454A45
000300044B454A4A,000480044B454A4A
000300044B454A56,000480044B454A56
000300044B454B4A,000480044B454B4A
000300044B454D45,000480044B454D45
000300044B454D50,000480044B454D50
000300044B454E4A,000480044B454E4A
000300044B45504A,000480044B45504A
000300044B455245,000480044B455245
000300044B45524A,000480044B45524A
000300044B455345,000480044B455345
000300044B45544A,000480044B45544A
000300044B455550,000480044B455550
000300044B45564A,000480044B45564A
000300044B455745,000480044B455745
000300044B45574A,000480044B45574A
000300044B455756,000480044B455756
000300044B455845,000480044B455845
000300044B455856,000480044B455856
000300044B455A50,000480044B455A50
000300044B46324A,000480044B46324A
000300044B463345,000480044B463345
000300044B46334A,000480044B46334A
000300044B463445,000480044B463445
000300044B463456,000480044B463456
000300044B463645,000480044B463645
000300044B463656,000480044B463656
000300044B463745,000480044B463745
000300044B46374A,000480044B46374A
000300044B463750,000480044B463750
000300044B463845,000480044B463845
000300044B463856,000480044B463856
000300044B463945,000480044B463945
000300044B463956,000480044B463956
000300044B464145,000480044B464145
000300044B464156,000480044B464156
000300044B464245,000480044B464245
000300044B46424A,000480044B46424A
000300044B464250,000480044B464250
000300044B464445,000480044B464445
000300044B464550,000480044B464550
000300044B464645,000480044B464645
000300044B464656,000480044B464656
000300044B464745,000480044B464745
000300044B464845,000480044B464845
000300044B464856,000480044B464856
000300044B464945,000480044B464945
000300044B464956,000480044B464956
000300044B464A4A,000480044B464A4A
000300044B464B45,000480044B464B45
000300044B464D45,000480044B464D45
000300044B464D4A,000480044B464D4A
000300044B464D50,000480044B464D50
000300044B464F45,000480044B464F45
000300044B464F50,000480044B464F50
000300044B465045,000480044B465045
000300044B465050,000480044B465050
000300044B465145,000480044B465145
000300044B465245,000480044B465245
000300044B46524A,000480044B46524A
000300044B465256,000480044B465256
000300044B465345,000480044B465345
000300044B465350,000480044B465350
000300044B465445,000480044B465445
000300044B465456,000480044B465456
000300044B465545,000480044B465545
000300044B465556,000480044B465556
000300044B465645,000480044B465645
000300044B46564A,000480044B46564A
000300044B46574A,000480044B46574A
000300044B465845,000480044B465845
000300044B465A45,000480044B465A45
000300044B465A4A,000480044B465A4A
000300044B465A56,000480044B465A56
000300044B473245,000480044B473245
000300044B47334A,000480044B47334A
000300044B47344A,000480044B47344A
000300044B473545,000480044B473545
000300044B47354A,000480044B47354A
000300044B473556,000480044B473556
000300044B473645,000480044B473645
000300044B473656,000480044B473656
000300044B473745,000480044B473745
000300044B473756,000480044B473756
000300044B473845,000480044B473845
000300044B473856,000480044B473856
000300044B47394A,000480044B47394A
000300044B47424A,000480044B47424A
000300044B47424F,000480044B47424F
000300044B47434A,000480044B47434A
000300044B47434F,000480044B47434F
000300044B47444A,000480044B47444A
000300044B47444F,000480044B47444F
000300044B47454A,000480044B47454A
000300044B47464A,000480044B47464A
000300044B47464F,000480044B47464F
000300044B47474A,000480044B47474A
000300044B47474F,000480044B47474F
000300044B47484A,000480044B47484A
000300044B47484F,000480044B47484F
000300044B474A4A,000480044B474A4A
000300044B474A4F,000480044B474A4F
000300044B474B45,000480044B474B45
000300044B474B50,000480044B474B50
000300044B474C45,000480044B474C45
000300044B474C56,000480044B474C56
000300044B474D4A,000480044B474D4A
000300044B474D4F,000480044B474D4F
000300044B474E45,000480044B474E45
000300044B474E4A,000480044B474E4A
000300044B474E56,000480044B474E56
000300044B475145,000480044B475145
000300044B475156,000480044B475156
000300044B475245,000480044B475245
000300044B475345,000480044B475345
000300044B475350,000480044B475350
000300044B475445,000480044B475445
000300044B475456,000480044B475456
000300044B47564A,000480044B47564A
000300044B47564F,000480044B47564F
000300044B475845,000480044B475845
000300044B47584A,000480044B47584A
000300044B475A45,000480044B475A45
000300044B48324A,000480044B48324A
000300044B48334A,000480044B48334A
000300044B48344A,000480044B48344A
000300044B483545,000480044B483545
000300044B48354A,000480044B48354A
000300044B48364A,000480044B48364A
000300044B48374A,000480044B48374A
000300044B48384A,000480044B48384A
000300044B48394A,000480044B48394A
000300044B484245,000480044B484245
000300044B484345,000480044B484345
000300044B484444,000480044B484444
000300044B484446,000480044B484446
000300044B484449,000480044B484449
000300044B48444A,000480044B48444A
000300044B48444B,000480044B48444B
000300044B484453,000480044B484453
000300044B484456,000480044B484456
000300044B484545,000480044B484545
000300044B48454A,000480044B48454A
000300044B484550,000480044B484550
000300044B484645,000480044B484645
000300044B48474A,000480044B48474A
000300044B484845,000480044B484845
000300044B484850,000480044B484850
000300044B484945,000480044B484945
000300044B484950,000480044B484950
000300044B484A45,000480044B484A45
000300044B484C45,000480044B484C45
000300044B484C56,000480044B484C56
000300044B484D4A,000480044B484D4A
000300044B484F4A,000480044B484F4A
000300044B485145,000480044B485145
000300044B485150,000480044B485150
000300044B485245,000480044B485245
000300044B485256,000480044B485256
000300044B485550,000480044B485550
000300044B485650,000480044B485650
000300044B485745,000480044B485745
000300044B485A50,000480044B485A50
000300044B49324A,000480044B49324A
000300044B493345,000480044B493345
000300044B493445,000480044B493445
000300044B49354A,000480044B49354A
000300044B493645,000480044B493645
000300044B49364A,000480044B49364A
000300044B493656,000480044B493656
000300044B493745,000480044B493745
000300044B493750,000480044B493750
000300044B493850,000480044B493850
000300044B494245,000480044B494245
000300044B494256,000480044B494256
000300044B494345,000480044B494345
000300044B494350,000480044B494350
000300044B494445,000480044B494445
000300044B494456,000480044B494456
000300044B494545,000480044B494545
000300044B49454A,000480044B49454A
000300044B494556,000480044B494556
000300044B494645,000480044B494645
000300044B494656,000480044B494656
000300044B494845,000480044B494845
000300044B494945,000480044B494945
000300044B494950,000480044B494950
000300044B494A45,000480044B494A45
000300044B494B4A,000480044B494B4A
000300044B494B56,000480044B494B56
000300044B494B58,000480044B494B58
000300044B494C4A,000480044B494C4A
000300044B494D4A,000480044B494D4A
000300044B494E50,000480044B494E50
000300044B494F45,000480044B494F45
000300044B494F50,000480044B494F50
000300044B49524A,000480044B49524A
000300044B495350,000480044B495350
000300044B495445,000480044B495445
000300044B49554A,000480044B49554A
000300044B49564A,000480044B49564A
000300044B495745,000480044B495745
000300044B49574A,000480044B49574A
000300044B495750,000480044B495750
000300044B4A324A,000480044B4A324A
000300044B4A334A,000480044B4A334A
000300044B4A344A,000480044B4A344A
000300044B4A354A,000480044B4A354A
000300044B4A364A,000480044B4A364A
000300044B4A374A,000480044B4A374A
000300044B4A384A,000480044B4A384A
000300044B4A394A,000480044B4A394A
000300044B4A414A,000480044B4A414A
000300044B4A4245,000480044B4A4245
000300044B4A4250,000480044B4A4250
000300044B4A434A,000480044B4A434A
000300044B4A454A,000480044B4A454A
000300044B4A4550,000480044B4A4550
000300044B4A4645,000480044B4A4645
000300044B4A4650,000480044B4A4650
000300044B4A4750,000480044B4A4750
000300044B4A4845,000480044B4A4845
000300044B4A4850,000480044B4A4850
000300044B4A494A,000480044B4A494A
000300044B4A4A45,000480044B4A4A45
000300044B4A4A50,000480044B4A4A50
000300044B4A4B4A,000480044B4A4B4A
000300044B4A4C4A,000480044B4A4C4A
000300044B4A4D45,000480044B4A4D45
000300044B4A4E4A,000480044B4A4E4A
000300044B4A4F45,000480044B4A4F45
000300044B4A5045,000480044B4A5045
000300044B4A504A,000480044B4A504A
000300044B4A514A,000480044B4A514A
000300044B4A5245,000480044B4A5245
000300044B4A5250,000480044B4A5250
000300044B4A5345,000480044B4A5345
000300044B4A5350,000480044B4A5350
000300044B4A544A,000480044B4A544A
000300044B4A5545,000480044B4A5545
000300044B4A554A,000480044B4A554A
000300044B4A5550,000480044B4A5550
000300044B4A574A,000480044B4A574A
000300044B4A574B,000480044B4A574B
000300044B4A5A4A,000480044B4A5A4A
000300044B4B3245,000480044B4B3245
000300044B4B324A,000480044B4B324A
000300044B4B3250,000480044B4B3250
000300044B4B334A,000480044B4B334A
000300044B4B344A,000480044B4B344A
000300044B4B3456,000480044B4B3456
000300044B4B354A,000480044B4B354A
000300044B4B364A,000480044B4B364A
000300044B4B3745,000480044B4B3745
000300044B4B374A,000480044B4B374A
000300044B4B3756,000480044B4B3756
000300044B4B4145,000480044B4B4145
000300044B4B4245,000480044B4B4245
000300044B4B424A,000480044B4B424A
000300044B4B4250,000480044B4B4250
000300044B4B434A,000480044B4B434A
000300044B4B444A,000480044B4B444A
000300044B4B4545,000480044B4B4545
000300044B4B4645,000480044B4B4645
000300044B4B464A,000480044B4B464A
000300044B4B4745,000480044B4B4745
000300044B4B474A,000480044B4B474A
000300044B4B4750,000480044B4B4750
000300044B4B4845,000480044B4B4845
000300044B4B484A,000480044B4B484A
000300044B4B4945,000480044B4B4945
000300044B4B4950,000480044B4B4950
000300044B4B4A4A,000480044B4B4A4A
000300044B4B4D4A,000480044B4B4D4A
000300044B4B4E45,000480044B4B4E45
000300044B4B4E50,000480044B4B4E50
000300044B4B4F4A,000480044B4B4F4A
000300044B4B5145,000480044B4B5145
000300044B4B5150,000480044B4B5150
000300044B4B5245,000480044B4B5245
000300044B4B5250,000480044B4B5250
000300044B4B534A,000480044B4B534A
000300044B4B5445,000480044B4B5445
000300044B4B5456,000480044B4B5456
000300044B4B5550,000480044B4B5550
000300044B4B5650,000480044B4B5650
000300044B4B5750,000480044B4B5750
000300044B4B5850,000480044B4B5850
000300044B4B5A45,000480044B4B5A45
000300044B4B5A50,000480044B4B5A50
000300044B4C3245,000480044B4C3245
000300044B4C3250,000480044B4C3250
000300044B4C3345,000480044B4C3345
000300044B4C3350,000480044B4C3350
000300044B4C3445,000480044B4C3445
000300044B4C3450,000480044B4C3450
000300044B4C364A,000480044B4C364A
000300044B4C374A,000480044B4C374A
000300044B4C384A,000480044B4C384A
000300044B4C394A,000480044B4C394A
000300044B4C4245,000480044B4C4245
000300044B4C424A,000480044B4C424A
000300044B4C4250,000480044B4C4250
000300044B4C4445,000480044B4C4445
000300044B4C444A,000480044B4C444A
000300044B4C4456,000480044B4C4456
000300044B4C4545,000480044B4C4545
000300044B4C454A,000480044B4C454A
000300044B4C4645,000480044B4C4645
000300044B4C4650,000480044B4C4650
000300044B4C474A,000480044B4C474A
000300044B4C484A,000480044B4C484A
000300044B4C4945,000480044B4C4945
000300044B4C4A45,000480044B4C4A45
000300044B4C4A56,000480044B4C4A56
000300044B4C4B45,000480044B4C4B45
000300044B4C4B50,000480044B4C4B50
000300044B4C4C45,000480044B4C4C45
000300044B4C4C4A,000480044B4C4C4A
000300044B4C4C50,000480044B4C4C50
000300044B4C4D45,000480044B4C4D45
000300044B4C4D50,000480044B4C4D50
000300044B4C4E45,000480044B4C4E45
000300044B4C4E50,000480044B4C4E50
000300044B4C4F45,000480044B4C4F45
000300044B4C4F4A,000480044B4C4F4A
000300044B4C4F56,000480044B4C4F56
000300044B4C5045,000480044B4C5045
000300044B4C5056,000480044B4C5056
000300044B4C5145,000480044B4C5145
000300044B4C514A,000480044B4C514A
000300044B4C514B,000480044B4C514B
000300044B4C5150,000480044B4C5150
000300044B4C5245,000480044B4C5245
000300044B4C5250,000480044B4C5250
000300044B4C5445,000480044B4C5445
000300044B4C5456,000480044B4C5456
000300044B4C5645,000480044B4C5645
000300044B4C564A,000480044B4C564A
000300044B4C5650,000480044B4C5650
000300044B4C5750,000480044B4C5750
000300044B4C584A,000480044B4C584A
000300044B4D3345,000480044B4D3345
000300044B4D3350,000480044B4D3350
000300044B4D344A,000480044B4D344A
000300044B4D354A,000480044B4D354A
000300044B4D3656,000480044B4D3656
000300044B4D3750,000480044B4D3750
000300044B4D3845,000480044B4D3845
000300044B4D384A,000480044B4D384A
000300044B4D3856,000480044B4D3856
000300044B4D394A,000480044B4D394A
000300044B4D3950,000480044B4D3950
000300044B4D3954,000480044B4D3954
000300044B4D3958,000480044B4D3958
000300044B4D414A,000480044B4D414A
000300044B4D424A,000480044B4D424A
000300044B4D444A,000480044B4D444A
000300044B4D4450,000480044B4D4450
000300044B4D4454,000480044B4D4454
000300044B4D4545,000480044B4D4545
000300044B4D454A,000480044B4D454A
000300044B4D4556,000480044B4D4556
000300044B4D464A,000480044B4D464A
000300044B4D4650,000480044B4D4650
000300044B4D4654,000480044B4D4654
000300044B4D4658,000480044B4D4658
000300044B4D4745,000480044B4D4745
000300044B4D474A,000480044B4D474A
000300044B4D4756,000480044B4D4756
000300044B4D4845,000480044B4D4845
000300044B4D4856,000480044B4D4856
000300044B4D494A,000480044B4D494A
000300044B4D4950,000480044B4D4950
000300044B4D4954,000480044B4D4954
000300044B4D4A45,000480044B4D4A45
000300044B4D4A50,000480044B4D4A50
000300044B4D4B44,000480044B4D4B44
000300044B4D4C45,000480044B4D4C45
000300044B4D4C4A,000480044B4D4C4A
000300044B4D4D45,000480044B4D4D45
000300044B4D4D56,000480044B4D4D56
000300044B4D4E4A,000480044B4D4E4A
000300044B4D4E50,000480044B4D4E50
000300044B4D4E54,000480044B4D4E54
000300044B4D4F45,000480044B4D4F45
000300044B4D4F50,000480044B4D4F50
000300044B4D504A,000480044B4D504A
000300044B4D5146,000480044B4D5146
000300044B4D5245,000480044B4D5245
000300044B4D5256,000480044B4D5256
000300044B4D534A,000480044B4D534A
000300044B4D5350,000480044B4D5350
000300044B4D5354,000480044B4D5354
000300044B4D5358,000480044B4D5358
000300044B4D5445,000480044B4D5445
000300044B4D544A,000480044B4D544A
000300044B4D5545,000480044B4D5545
000300044B4D5645,000480044B4D5645
000300044B4D5656,000480044B4D5656
000300044B4D584A,000480044B4D584A
000300044B4D5A4A,000480044B4D5A4A
000300044B4D5A56,000480044B4D5A56
000300044B4E3245,000480044B4E3245
000300044B4E324A,000480044B4E324A
000300044B4E3256,000480044B4E3256
000300044B4E334A,000480044B4E334A
000300044B4E3545,000480044B4E3545
000300044B4E3556,000480044B4E3556
000300044B4E3645,000480044B4E3645
000300044B4E3656,000480044B4E3656
000300044B4E3745,000480044B4E3745
000300044B4E3756,000480044B4E3756
000300044B4E3945,000480044B4E3945
000300044B4E3948,000480044B4E3948
000300044B4E394A,000480044B4E394A
000300044B4E3956,000480044B4E3956
000300044B4E4145,000480044B4E4145
000300044B4E414A,000480044B4E414A
000300044B4E4150,000480044B4E4150
000300044B4E4245,000480044B4E4245
000300044B4E4256,000480044B4E4256
000300044B4E4445,000480044B4E4445
000300044B4E4448,000480044B4E4448
000300044B4E444A,000480044B4E444A
000300044B4E4456,000480044B4E4456
000300044B4E454A,000480044B4E454A
000300044B4E4745,000480044B4E4745
000300044B4E4756,000480044B4E4756
000300044B4E4845,000480044B4E4845
000300044B4E484A,000480044B4E484A
000300044B4E4856,000480044B4E4856
000300044B4E4B4A,000480044B4E4B4A
000300044B4E4C45,000480044B4E4C45
000300044B4E4C56,000480044B4E4C56
000300044B4E4F4A,000480044B4E4F4A
000300044B4E5045,000480044B4E5045
000300044B4E5056,000480044B4E5056
000300044B4E5245,000480044B4E5245
000300044B4E5248,000480044B4E5248
000300044B4E524A,000480044B4E524A
000300044B4E524B,000480044B4E524B
000300044B4E5256,000480044B4E5256
000300044B4E534A,000480044B4E534A
000300044B4E5550,000480044B4E5550
000300044B4E564A,000480044B4E564A
000300044B4E5745,000480044B4E5745
000300044B4E5750,000480044B4E5750
000300044B4E5A45,000480044B4E5A45
000300044B4F3256,000480044B4F3256
000300044B4F3356,000480044B4F3356
000300044B4F3445,000480044B4F3445
000300044B4F3456,000480044B4F3456
000300044B4F354A,000480044B4F354A
000300044B4F364A,000480044B4F364A
000300044B4F374A,000480044B4F374A
000300044B4F384A,000480044B4F384A
000300044B4F3945,000480044B4F3945
000300044B4F3950,000480044B4F3950
000300044B4F414A,000480044B4F414A
000300044B4F424A,000480044B4F424A
000300044B4F434A,000480044B4F434A
000300044B4F444A,000480044B4F444A
000300044B4F454A,000480044B4F454A
000300044B4F4645,000480044B4F4645
000300044B4F4650,000480044B4F4650
000300044B4F4745,000480044B4F4745
000300044B4F474A,000480044B4F474A
000300044B4F474B,000480044B4F474B
000300044B4F4750,000480044B4F4750
000300044B4F484A,000480044B4F484A
000300044B4F4956,000480044B4F4956
000300044B4F4A4B,000480044B4F4A4B
000300044B4F4B45,000480044B4F4B45
000300044B4F4B50,000480044B4F4B50
000300044B4F4C4A,000480044B4F4C4A
000300044B4F4E4A,000480044B4F4E4A
000300044B4F4F4A,000480044B4F4F4A
000300044B4F504A,000480044B4F504A
000300044B4F5145,000480044B4F5145
000300044B4F514A,000480044B4F514A
000300044B4F5150,000480044B4F5150
000300044B4F534A,000480044B4F534A
000300044B4F534B,000480044B4F534B
000300044B4F5445,000480044B4F5445
000300044B4F5450,000480044B4F5450
000300044B4F5545,000480044B4F5545
000300044B4F5550,000480044B4F5550
000300044B4F5745,000480044B4F5745
000300044B4F5750,000480044B4F5750
000300044B4F5845,000480044B4F5845
000300044B4F5856,000480044B4F5856
000300044B4F5A4A,000480044B4F5A4A
000300044B503245,000480044B503245
000300044B503256,000480044B503256
000300044B503345,000480044B503345
000300044B503356,000480044B503356
000300044B503545,000480044B503545
000300044B503556,000480044B503556
000300044B503645,000480044B503645
000300044B50364A,000480044B50364A
000300044B50364B,000480044B50364B
000300044B503656,000480044B503656
000300044B503745,000480044B503745
000300044B503756,000480044B503756
000300044B503845,000480044B503845
000300044B503850,000480044B503850
000300044B503945,000480044B503945
000300044B50394A,000480044B50394A
000300044B504145,000480044B504145
000300044B50414A,000480044B50414A
000300044B504244,000480044B504244
000300044B504245,000480044B504245
000300044B504246,000480044B504246
000300044B504249,000480044B504249
000300044B50424A,000480044B50424A
000300044B504253,000480044B504253
000300044B504256,000480044B504256
000300044B504345,000480044B504345
000300044B50434A,000480044B50434A
000300044B504356,000480044B504356
000300044B504450,000480044B504450
000300044B504645,000480044B504645
000300044B504650,000480044B504650
000300044B504745,000480044B504745
000300044B504845,000480044B504845
000300044B50484A,000480044B50484A
000300044B504856,000480044B504856
000300044B504945,000480044B504945
000300044B504956,000480044B504956
000300044B504A45,000480044B504A45
000300044B504A4A,000480044B504A4A
000300044B504B45,000480044B504B45
000300044B504B56,000480044B504B56
000300044B504C45,000480044B504C45
000300044B504C50,000480044B504C50
000300044B504D4A,000480044B504D4A
000300044B504E45,000480044B504E45
000300044B504E4A,000480044B504E4A
000300044B504E56,000480044B504E56
000300044B504F45,000480044B504F45
000300044B504F4A,000480044B504F4A
000300044B504F56,000480044B504F56
000300044B505045,000480044B505045
000300044B505050,000480044B505050
000300044B505145,000480044B505145
000300044B50514A,000480044B50514A
000300044B505150,000480044B505150
000300044B505256,000480044B505256
000300044B50534A,000480044B50534A
000300044B505445,000480044B505445
000300044B50544A,000480044B50544A
000300044B505456,000480044B505456
000300044B505550,000480044B505550
000300044B50574A,000480044B50574A
000300044B505A45,000480044B505A45
000300044B505A56,000480044B505A56
000300044B51324A,000480044B51324A
000300044B51334A,000480044B51334A
000300044B51344A,000480044B51344A
000300044B513645,000480044B513645
000300044B51364A,000480044B51364A
000300044B513656,000480044B513656
000300044B51374A,000480044B51374A
000300044B51384A,000480044B51384A
000300044B513945,000480044B513945
000300044B51394A,000480044B51394A
000300044B513956,000480044B513956
000300044B514145,000480044B514145
000300044B51414A,000480044B51414A
000300044B514150,000480044B514150
000300044B514245,000480044B514245
000300044B514250,000480044B514250
000300044B51434A,000480044B51434A
000300044B514445,000480044B514445
000300044B51444A,000480044B51444A
000300044B514456,000480044B514456
000300044B514545,000480044B514545
000300044B51494A,000480044B51494A
000300044B514A4A,000480044B514A4A
000300044B514B45,000480044B514B45
000300044B514B56,000480044B514B56
000300044B514C4A,000480044B514C4A
000300044B514E45,000480044B514E45
000300044B514E4A,000480044B514E4A
000300044B514E56,000480044B514E56
000300044B514F45,000480044B514F45
000300044B514F56,000480044B514F56
000300044B515050,000480044B515050
000300044B515145,000480044B515145
000300044B51514A,000480044B51514A
000300044B515150,000480044B515150
000300044B515245,000480044B515245
000300044B515256,000480044B515256
000300044B515645,000480044B515645
000300044B51564A,000480044B51564A
000300044B515656,000480044B515656
000300044B51574A,000480044B51574A
000300044B51584A,000480044B51584A
000300044B524345,000480044B524345
000300044B524356,000480044B524356
000300044B524445,000480044B524445
000300044B52454A,000480044B52454A
000300044B524645,000480044B524645
000300044B524656,000480044B524656
000300044B524745,000480044B524745
000300044B52474A,000480044B52474A
000300044B52474B,000480044B52474B
000300044B524756,000480044B524756
000300044B524845,000480044B524845
000300044B524856,000480044B524856
000300044B524A45,000480044B524A45
000300044B524A50,000480044B524A50
000300044B524B45,000480044B524B45
000300044B524B4A,000480044B524B4A
000300044B524B56,000480044B524B56
000300044B524C45,000480044B524C45
000300044B524C4A,000480044B524C4A
000300044B524D45,000480044B524D45
000300044B524D56,000480044B524D56
000300044B524E45,000480044B524E45
000300044B524E56,000480044B524E56
000300044B52504A,000480044B52504A
000300044B525145,000480044B525145
000300044B525156,000480044B525156
000300044B525245,000480044B525245
000300044B525250,000480044B525250
000300044B52534A,000480044B52534A
000300044B525445,000480044B525445
000300044B52544A,000480044B52544A
000300044B525456,000480044B525456
000300044B525545,000480044B525545
000300044B525550,000480044B525550
000300044B525645,000480044B525645
000300044B525656,000480044B525656
000300044B525745,000480044B525745
000300044B52574A,000480044B52574A
000300044B525750,000480044B525750
000300044B525A45,000480044B525A45
000300044B525A56,000480044B525A56
000300044B533345,000480044B533345
000300044B533350,000480044B533350
000300044B533450,000480044B533450
000300044B534145,000480044B534145
000300044B534245,000480044B534245
000300044B534256,000480044B534256
000300044B534345,000480044B534345
000300044B534350,000480044B534350
000300044B534445,000480044B534445
000300044B53444A,000480044B53444A
000300044B534450,000480044B534450
000300044B53454A,000480044B53454A
000300044B534550,000480044B534550
000300044B534645,000480044B534645
000300044B534750,000480044B534750
000300044B534945,000480044B534945
000300044B534A45,000480044B534A45
000300044B534B45,000480044B534B45
000300044B534B4A,000480044B534B4A
000300044B534B56,000480044B534B56
000300044B534C45,000480044B534C45
000300044B534C4A,000480044B534C4A
000300044B534C56,000480044B534C56
000300044B534F45,000480044B534F45
000300044B534F50,000480044B534F50
000300044B535045,000480044B535045
000300044B53504A,000480044B53504A
000300044B53504B,000480044B53504B
000300044B535056,000480044B535056
000300044B535145,000480044B535145
000300044B535245,000480044B535245
000300044B53524A,000480044B53524A
000300044B535256,000480044B535256
000300044B535345,000480044B535345
000300044B535445,000480044B535445
000300044B535545,000480044B535545
000300044B53554A,000480044B53554A
000300044B535556,000480044B535556
000300044B535645,000480044B535645
000300044B535650,000480044B535650
000300044B535745,000480044B535745
000300044B535756,000480044B535756
000300044B53584A,000480044B53584A
000300044B543245,000480044B543245
000300044B54324A,000480044B54324A
000300044B543250,000480044B543250
000300044B543345,000480044B543345
000300044B543356,000480044B543356
000300044B54344A,000480044B54344A
000300044B543545,000480044B543545
000300044B543550,000480044B543550
000300044B543845,000480044B543845
000300044B54384A,000480044B54384A
000300044B543850,000480044B543850
000300044B543945,000480044B543945
000300044B54394A,000480044B54394A
000300044B543950,000480044B543950
000300044B544145,000480044B544145
000300044B54414A,000480044B54414A
000300044B54414B,000480044B54414B
000300044B544150,000480044B544150
000300044B54424A,000480044B54424A
000300044B54424B,000480044B54424B
000300044B544250,000480044B544250
000300044B544354,000480044B544354
000300044B544454,000480044B544454
000300044B544545,000480044B544545
000300044B544556,000480044B544556
000300044B544645,000480044B544645
000300044B544650,000480044B544650
000300044B54474A,000480044B54474A
000300044B544845,000480044B544845
000300044B544945,000480044B544945
000300044B544A4A,000480044B544A4A
000300044B544B4A,000480044B544B4A
000300044B544C45,000480044B544C45
000300044B544E4A,000480044B544E4A
000300044B54504A,000480044B54504A
000300044B54504B,000480044B54504B
000300044B545050,000480044B545050
000300044B54514A,000480044B54514A
000300044B54524A,000480044B54524A
000300044B54524B,000480044B54524B
000300044B545250,000480044B545250
000300044B545254,000480044B545254
000300044B545345,000480044B545345
000300044B545350,000480044B545350
000300044B545545,000480044B545545
000300044B54554A,000480044B54554A
000300044B54564A,000480044B54564A
000300044B545745,000480044B545745
000300044B545750,000480044B545750
000300044B545845,000480044B545845
000300044B54584A,000480044B54584A
000300044B545856,000480044B545856
000300044B545A4A,000480044B545A4A
000300044B55324A,000480044B55324A
000300044B553345,000480044B553345
000300044B55344A,000480044B55344A
000300044B553545,000480044B553545
000300044B553550,000480044B553550
000300044B55364A,000480044B55364A
000300044B553745,000480044B553745
000300044B553750,000480044B553750
000300044B55384A,000480044B55384A
000300044B553945,000480044B553945
000300044B55394A,000480044B55394A
000300044B554145,000480044B554145
000300044B554245,000480044B554245
000300044B554250,000480044B554250
000300044B554345,000480044B554345
000300044B55444A,000480044B55444A
000300044B55474A,000480044B55474A
000300044B554945,000480044B554945
000300044B554950,000480044B554950
000300044B554A45,000480044B554A45
000300044B554A4A,000480044B554A4A
000300044B554A56,000480044B554A56
000300044B554B45,000480044B554B45
000300044B554D45,000480044B554D45
000300044B554D4A,000480044B554D4A
000300044B554D50,000480044B554D50
000300044B554E45,000480044B554E45
000300044B554E4A,000480044B554E4A
000300044B554E56,000480044B554E56
000300044B554F45,000480044B554F45
000300044B555045,000480044B555045
000300044B555050,000480044B555050
000300044B555145,000480044B555145
000300044B555245,000480044B555245
000300044B55524A,000480044B55524A
000300044B555250,000480044B555250
000300044B555345,000480044B555345
000300044B55534A,000480044B55534A
000300044B55544A,000480044B55544A
000300044B555645,000480044B555645
000300044B555650,000480044B555650
000300044B555745,000480044B555745
000300044B55574A,000480044B55574A
000300044B55574B,000480044B55574B
000300044B555756,000480044B555756
000300044B55584A,000480044B55584A
000300044B563245,000480044B563245
000300044B56324A,000480044B56324A
000300044B563250,000480044B563250
000300044B563345,000480044B563345
000300044B56334A,000480044B56334A
000300044B563445,000480044B563445
000300044B56344A,000480044B56344A
000300044B563945,000480044B563945
000300044B564345,000480044B564345
000300044B564350,000480044B564350
000300044B564545,000480044B564545
000300044B56454A,000480044B56454A
000300044B56464A,000480044B56464A
000300044B564745,000480044B564745
000300044B56474A,000480044B56474A
000300044B564756,000480044B564756
000300044B564845,000480044B564845
000300044B564850,000480044B564850
000300044B564945,000480044B564945
000300044B56494A,000480044B56494A
000300044B564950,000480044B564950
000300044B564B45,000480044B564B45
000300044B564B56,000480044B564B56
000300044B564C45,000480044B564C45
000300044B564C4A,000480044B564C4A
000300044B564C50,000480044B564C50
000300044B564D4A,000480044B564D4A
000300044B564F56,000480044B564F56
000300044B565045,000480044B565045
000300044B565056,000480044B565056
000300044B565145,000480044B565145
000300044B56514A,000480044B56514A
000300044B565345,000480044B565345
000300044B56534A,000480044B56534A
000300044B565350,000480044B565350
000300044B565445,000480044B565445
000300044B565456,000480044B565456
000300044B565545,000480044B565545
000300044B565645,000480044B565645
000300044B565745,000480044B565745
000300044B565845,000480044B565845
000300044B56584A,000480044B56584A
000300044B565850,000480044B565850
000300044B57344A,000480044B57344A
000300044B573645,000480044B573645
000300044B573845,000480044B573845
000300044B574245,000480044B574245
000300044B57424A,000480044B57424A
000300044B574256,000480044B574256
000300044B574345,000480044B574345
000300044B57434A,000480044B57434A
000300044B574356,000480044B574356
000300044B574445,000480044B574445
000300044B57444A,000480044B57444A
000300044B574456,000480044B574456
000300044B574645,000480044B574645
000300044B57464A,000480044B57464A
000300044B574656,000480044B574656
000300044B574745,000480044B574745
000300044B57474A,000480044B57474A
000300044B574756,000480044B574756
000300044B574B45,000480044B574B45
000300044B574B50,000480044B574B50
000300044B574C45,000480044B574C45
000300044B574C4A,000480044B574C4A
000300044B574C4B,000480044B574C4B
000300044B574D45,000480044B574D45
000300044B574D4A,000480044B574D4A
000300044B574D50,000480044B574D50
000300044B574E50,000480044B574E50
000300044B574F45,000480044B574F45
000300044B574F50,000480044B574F50
000300044B57504A,000480044B57504A
000300044B57504B,000480044B57504B
000300044B575145,000480044B575145
000300044B57514A,000480044B57514A
000300044B575245,000480044B575245
000300044B575345,000480044B575345
000300044B575350,000480044B575350
000300044B575445,000480044B575445
000300044B57544A,000480044B57544A
000300044B575450,000480044B575450
000300044B575544,000480044B575544
000300044B57564A,000480044B57564A
000300044B57574A,000480044B57574A
000300044B583245,000480044B583245
000300044B583250,000480044B583250
000300044B583345,000480044B583345
000300044B583350,000480044B583350
000300044B583445,000480044B583445
000300044B583450,000480044B583450
000300044B583545,000480044B583545
000300044B583550,000480044B583550
000300044B583645,000480044B583645
000300044B583650,000480044B583650
000300044B58374A,000480044B58374A
000300044B58384A,000480044B58384A
000300044B58394A,000480044B58394A
000300044B584145,000480044B584145
000300044B58414A,000480044B58414A
000300044B584156,000480044B584156
000300044B584245,000480044B584245
000300044B584250,000480044B584250
000300044B584345,000480044B584345
000300044B58434A,000480044B58434A
000300044B584356,000480044B584356
000300044B584445,000480044B584445
000300044B584450,000480044B584450
000300044B584545,000480044B584545
000300044B58454A,000480044B58454A
000300044B584550,000480044B584550
000300044B584645,000480044B584645
000300044B584650,000480044B584650
000300044B584745,000480044B584745
000300044B584750,000480044B584750
000300044B584845,000480044B584845
000300044B584856,000480044B584856
000300044B584945,000480044B584945
000300044B584950,000480044B584950
000300044B584A45,000480044B584A45
000300044B584A50,000480044B584A50
000300044B584B45,000480044B584B45
000300044B584B50,000480044B584B50
000300044B584C45,000480044B584C45
000300044B584C50,000480044B584C50
000300044B584D45,000480044B584D45
000300044B584D50,000480044B584D50
000300044B584E4A,000480044B584E4A
000300044B584F45,000480044B584F45
000300044B584F56,000480044B584F56
000300044B585045,000480044B585045
000300044B585050,000480044B585050
000300044B585145,000480044B585145
000300044B585150,000480044B585150
000300044B585245,000480044B585245
000300044B585250,000480044B585250
000300044B585345,000480044B585345
000300044B58534A,000480044B58534A
000300044B585350,000480044B585350
000300044B585445,000480044B585445
000300044B585450,000480044B585450
000300044B585545,000480044B585545
000300044B58554A,000480044B58554A
000300044B585550,000480044B585550
000300044B585745,000480044B585745
000300044B585750,000480044B585750
000300044B58584A,000480044B58584A
000300044B585A4A,000480044B585A4A
000300044B5A324A,000480044B5A324A
000300044B5A334A,000480044B5A334A
000300044B5A3445,000480044B5A3445
000300044B5A3645,000480044B5A3645
000300044B5A364A,000480044B5A364A
000300044B5A3650,000480044B5A3650
000300044B5A3745,000480044B5A3745
000300044B5A3845,000480044B5A3845
000300044B5A394A,000480044B5A394A
000300044B5A4145,000480044B5A4145
000300044B5A4156,000480044B5A4156
000300044B5A4245,000480044B5A4245
000300044B5A4250,000480044B5A4250
000300044B5A4345,000480044B5A4345
000300044B5A434A,000480044B5A434A
000300044B5A4545,000480044B5A4545
000300044B5A4550,000480044B5A4550
000300044B5A4645,000480044B5A4645
000300044B5A464A,000480044B5A464A
000300044B5A4656,000480044B5A4656
000300044B5A4745,000480044B5A4745
000300044B5A4756,000480044B5A4756
000300044B5A4845,000480044B5A4845
000300044B5A4850,000480044B5A4850
000300044B5A4A45,000480044B5A4A45
000300044B5A4A4A,000480044B5A4A4A
000300044B5A4C45,000480044B5A4C45
000300044B5A4C56,000480044B5A4C56
000300044B5A4E4A,000480044B5A4E4A
000300044B5A4E4B,000480044B5A4E4B
000300044B5A4F45,000480044B5A4F45
000300044B5A4F4A,000480044B5A4F4A
000300044B5A4F50,000480044B5A4F50
000300044B5A5045,000480044B5A5045
000300044B5A5056,000480044B5A5056
000300044B5A5345,000480044B5A5345
000300044B5A5356,000480044B5A5356
000300044B5A5445,000480044B5A5445
000300044B5A5456,000480044B5A5456
000300044B5A5545,000480044B5A5545
000300044B5A5645,000480044B5A5645
000300044B5A584A,000480044B5A584A
000300044B5A5A45,000480044B5A5A45
