Title ID,Hashes
0003000f484e4841,91c859ce dfe560524d1bc1150f3ece99bf85e1ad 02be6ff0932c8ae4a1a26ad127db311fb8e41162
0003000f484e4c50,06258940 7ae49413e87614a9d3bab7cb30e56ad5 3cd7302f8f98be02e4a06e9db171b0282007a5f7
0003000f484e4c45,1fcf4b3e 00b99f346ffe5349748c9ccca4194505 de09935b0c9039534d3657f5c4de1d5d88a48d0f
0003000f484e4c55,eac4c476 7e859f05980aa95461fa6fc2af3247fd c333007626dc9bcc0bfbd3543edeb6acd3f13fd4
0003000f484e4c4a,b4f301cc 3705828115e82ebc258dbfb43788504c 31d31d56476f0a53cd98fbd14b8e204ebfec569a
0003000f484e4c4b,8d806f1e bc9c3ca5e8b3ac0a89b123bbce7865e5 6915ec4e90347ec5471eb533f3e18b33c7499bb0
0003000f484e4c43,7aab6bb2 5fc77eaf3b58c466de689f8cf75f5709 cea36adfffca2a089b9d088030347b2461d7457c
00030015484e4650,88e7ef0c 1affca7af80c15a2ff70988980125eb6 f05d3f42be45ef494540a7bd8e289d73ce7936d9
00030015484e4645,6e8420c0 b7f3e9f52ecbf2b4b09ba01d6cca156c cfa4485dfea22b5074e49a4052a5a87e019552cf
00030015484e4655,a581ae69 447ebf90c81599ead10def98a08c9ebc 5cfcea00bc5069da1e4b946cf9f1dfdf79a2a94c
00030015484e464a,13646713 c6284dd1116fbdb579b9f04c8aca4acd b202a245f3bf799920a53aae2e6bb97d81675b37
00030015484e464b,bea61e59 20bb351a702e8a2d78e7d4bc5149139b 926a24cab92acb161e47f08f5ca92ebb3b5b6d80
00030015484e4643,b70594e6 580ca6c4a80ea334e963b730b9bb02e8 265fa2ac1b7166139846a938375af43add1a1184
00030017484e4155,3798d5c6 536d662f3919cab6b463feee95efddaa 0c5a74e48d2c21ab43e97937806dd37794feb0ed
00030017484e414a,75358288 c0af2d6eafe53a439d3070ebe752e2cd f6f066f1a13e4a1f012c7f9798f89d645e4afe36
00030017484e414b,51d7bfd6 fe727bcd7e188f1f11ee3568f083eaf3 4256888134987bb0ee3667f15bce05a00e9e132c
00030017484e4150,e6265486 c22b4d08cca15acd876c808d838454d9 9041a9c8a62908d30f79e62bd597c512709afd3b
00030017484e4145,41d9e4fa 3be791eb1fc09996832f31094de7d867 4426a4a9cd49d287e4303bb887ccab8923d8c9c7
