Title ID,File Name
00030004484e4745,00000000
00030004484e4745,tmd.512
00030004484e474a,00000000
00030004484e474a,tmd.0
00030004484e474a,00000001
00030004484e474a,tmd.256
00030004484e474a,00000002
00030004484e474a,tmd.768
00030004484e4750,00000000
00030004484e4750,tmd.512
00030004484e4755,00000000
00030004484e4755,tmd.512
000300044b323245,00000000
000300044b323245,tmd.1
000300044b323250,00000000
000300044b323250,tmd.0
000300044b32344a,00000002
000300044b32344a,tmd.2
000300044b323545,00000000
000300044b323545,tmd.0
000300044b32354a,00000000
000300044b32354a,tmd.0
000300044b323745,00000000
000300044b323745,tmd.0
000300044b32374a,00000000
000300044b32374a,tmd.0
000300044b323945,00000001
000300044b323945,tmd.2
000300044b323950,00000000
000300044b323950,tmd.0
000300044b324145,00000000
000300044b324145,tmd.2
000300044b324345,00000000
000300044b324345,tmd.0
000300044b32434a,00000000
000300044b32434a,tmd.0
000300044b32434b,00000001
000300044b32434b,tmd.1
000300044b324545,00000000
000300044b324545,tmd.1
000300044b324550,00000000
000300044b324550,tmd.1
000300044b324645,00000001
000300044b324645,tmd.3
000300044b32474a,00000000
000300044b32474a,tmd.0
000300044b324756,00000002
000300044b324756,tmd.2
000300044b324a45,00000000
000300044b324a45,tmd.2
000300044b324a50,00000000
000300044b324a50,tmd.2
000300044b324b4a,00000000
000300044b324b4a,tmd.0
000300044b324c43,00000000
000300044b324c43,tmd.0
000300044b324d4a,00000000
000300044b324d4a,tmd.0
000300044b324e45,00000000
000300044b324e45,tmd.2
000300044b324e50,00000000
000300044b324e50,tmd.0
000300044b324f45,00000001
000300044b324f45,tmd.1
000300044b324f4a,00000000
000300044b324f4a,tmd.0
000300044b324f50,00000000
000300044b324f50,tmd.0
000300044b325050,00000005
000300044b325050,tmd.5
000300044b325245,00000002
000300044b325245,tmd.2
000300044b325250,00000001
000300044b325250,tmd.1
000300044b325345,00000001
000300044b325345,tmd.1
000300044b32534a,00000001
000300044b32534a,tmd.1
000300044b325350,00000000
000300044b325350,tmd.0
000300044b325445,00000000
000300044b325445,tmd.2
000300044b325545,00000000
000300044b325545,tmd.1
000300044b325745,00000000
000300044b325745,tmd.1
000300044b325750,00000000
000300044b325750,tmd.3
000300044b325856,00000003
000300044b325856,tmd.3
000300044b325950,00000001
000300044b325950,tmd.1
000300044b325a45,00000000
000300044b325a45,tmd.0
000300044b325a4a,00000000
000300044b325a4a,tmd.0
000300044b333245,00000000
000300044b333245,tmd.0
000300044b333250,00000000
000300044b333250,tmd.0
000300044b333445,00000001
000300044b333445,tmd.1
000300044b33344a,00000000
000300044b33344a,tmd.0
000300044b333450,00000001
000300044b333450,tmd.1
000300044b333545,00000000
000300044b333545,tmd.1
000300044b33354a,00000000
000300044b33354a,tmd.0
000300044b333645,00000000
000300044b333645,tmd.0
000300044b333656,00000000
000300044b333656,tmd.0
000300044b33424a,00000000
000300044b33424a,tmd.0
000300044b334345,00000000
000300044b334345,tmd.3
000300044b33444a,00000000
000300044b33444a,tmd.0
000300044b33464a,00000000
000300044b33464a,tmd.0
000300044b334745,00000002
000300044b334745,tmd.256
000300044b33474a,00000000
000300044b33474a,tmd.0
000300044b334750,00000000
000300044b334750,tmd.1
000300044b33484a,00000001
000300044b33484a,tmd.1
000300044b33484b,00000000
000300044b33484b,tmd.0
000300044b334a45,00000002
000300044b334a45,tmd.5
000300044b334a50,00000000
000300044b334a50,tmd.2
000300044b334c4a,00000000
000300044b334c4a,tmd.0
000300044b334d45,00000001
000300044b334d45,tmd.1
000300044b334d4a,00000000
000300044b334d4a,tmd.0
000300044b334d50,00000001
000300044b334d50,tmd.1
000300044b334e45,00000001
000300044b334e45,tmd.1
000300044b334e4a,00000000
000300044b334e4a,tmd.0
000300044b334e50,00000001
000300044b334e50,tmd.1
000300044b334f45,00000000
000300044b334f45,tmd.0
000300044b334f4a,00000000
000300044b334f4a,tmd.0
000300044b33504a,00000000
000300044b33504a,tmd.0
000300044b33514a,00000000
000300044b33514a,tmd.0
000300044b335345,00000000
000300044b335345,tmd.2
000300044b33544a,00000000
000300044b33544a,tmd.0
000300044b33544b,00000000
000300044b33544b,tmd.0
000300044b335550,00000003
000300044b335550,tmd.3
000300044b335645,00000000
000300044b335645,tmd.0
000300044b335656,00000002
000300044b335656,tmd.2
000300044b335845,00000000
000300044b335845,tmd.0
000300044b33584b,00000000
000300044b33584b,tmd.0
000300044b335856,00000000
000300044b335856,tmd.0
000300044b335945,00000000
000300044b335945,tmd.1
000300044b33594a,00000000
000300044b33594a,tmd.0
000300044b335956,00000000
000300044b335956,tmd.1
000300044b343245,00000001
000300044b343245,tmd.4
000300044b343250,00000000
000300044b343250,tmd.4
000300044b343345,00000000
000300044b343345,tmd.1
000300044b343350,00000000
000300044b343350,tmd.1
000300044b343545,00000001
000300044b343545,tmd.2
000300044b343550,00000000
000300044b343550,tmd.1
000300044b34364a,00000000
000300044b34364a,tmd.0
000300044b34374a,00000000
000300044b34374a,tmd.0
000300044b34384a,00000000
000300044b34384a,tmd.0
000300044b34394a,00000000
000300044b34394a,tmd.0
000300044b344245,00000002
000300044b344245,tmd.2
000300044b344345,00000002
000300044b344345,tmd.2
000300044b344350,00000002
000300044b344350,tmd.2
000300044b344445,00000000
000300044b344445,tmd.1
000300044b344456,00000000
000300044b344456,tmd.0
000300044b344545,00000002
000300044b344545,tmd.2
000300044b34454a,00000000
000300044b34454a,tmd.1
000300044b344550,00000000
000300044b344550,tmd.1
000300044b344645,00000002
000300044b344645,tmd.2
000300044b344650,00000002
000300044b344650,tmd.2
000300044b34474a,00000000
000300044b34474a,tmd.0
000300044b344845,00000000
000300044b344845,tmd.0
000300044b34484a,00000000
000300044b34484a,tmd.0
000300044b34484b,00000000
000300044b34484b,tmd.0
000300044b344856,00000000
000300044b344856,tmd.0
000300044b344945,00000002
000300044b344945,tmd.2
000300044b34494a,00000000
000300044b34494a,tmd.0
000300044b344950,00000002
000300044b344950,tmd.2
000300044b344a45,00000000
000300044b344a45,tmd.0
000300044b344a50,00000002
000300044b344a50,tmd.2
000300044b344b45,00000000
000300044b344b45,tmd.0
000300044b344b4a,00000000
000300044b344b4a,tmd.0
000300044b344b56,00000000
000300044b344b56,tmd.0
000300044b344c45,00000000
000300044b344c45,tmd.0
000300044b344c50,00000001
000300044b344c50,tmd.1
000300044b344e45,00000001
000300044b344e45,tmd.4
000300044b344e50,00000002
000300044b344e50,tmd.2
000300044b344f4a,00000002
000300044b344f4a,tmd.2
000300044b345045,00000002
000300044b345045,tmd.2
000300044b345056,00000006
000300044b345056,tmd.6
000300044b345145,00000000
000300044b345145,tmd.1
000300044b345150,00000000
000300044b345150,tmd.0
000300044b345245,00000001
000300044b345245,tmd.1
000300044b34524a,00000000
000300044b34524a,tmd.0
000300044b345250,00000000
000300044b345250,tmd.1
000300044b345345,00000000
000300044b345345,tmd.0
000300044b345356,00000000
000300044b345356,tmd.0
000300044b345445,00000001
000300044b345445,tmd.1
000300044b345456,00000000
000300044b345456,tmd.0
000300044b345745,00000000
000300044b345745,tmd.0
000300044b345750,00000001
000300044b345750,tmd.1
000300044b345945,00000003
000300044b345945,tmd.3
000300044b345950,00000001
000300044b345950,tmd.1
000300044b345a45,00000004
000300044b345a45,tmd.4
000300044b345a50,00000002
000300044b345a50,tmd.2
000300044b353445,00000000
000300044b353445,tmd.2
000300044b35344a,00000000
000300044b35344a,tmd.0
000300044b35364a,00000000
000300044b35364a,tmd.0
000300044b353943,00000000
000300044b353943,tmd.0
000300044b353945,00000000
000300044b353945,tmd.0
000300044b35394a,00000000
000300044b35394a,tmd.0
000300044b35394b,00000000
000300044b35394b,tmd.0
000300044b353956,00000000
000300044b353956,tmd.1
000300044b354145,00000004
000300044b354145,tmd.4
000300044b354156,00000005
000300044b354156,tmd.5
000300044b354245,00000000
000300044b354245,tmd.1
000300044b354250,00000000
000300044b354250,tmd.1
000300044b354345,00000001
000300044b354345,tmd.1
000300044b354445,00000000
000300044b354445,tmd.1
000300044b35444a,00000000
000300044b35444a,tmd.0
000300044b354545,00000000
000300044b354545,tmd.0
000300044b35454a,00000000
000300044b35454a,tmd.0
000300044b354645,00000000
000300044b354645,tmd.0
000300044b35464a,00000000
000300044b35464a,tmd.0
000300044b354745,00000000
000300044b354745,tmd.0
000300044b35474a,00000001
000300044b35474a,tmd.1
000300044b354845,00000000
000300044b354845,tmd.0
000300044b354850,00000000
000300044b354850,tmd.1
000300044b354945,00000003
000300044b354945,tmd.3
000300044b354950,00000001
000300044b354950,tmd.1
000300044b354a45,00000000
000300044b354a45,tmd.2
000300044b354a4a,00000000
000300044b354a4a,tmd.0
000300044b354b45,00000000
000300044b354b45,tmd.0
000300044b354b4a,00000000
000300044b354b4a,tmd.0
000300044b354b50,00000000
000300044b354b50,tmd.0
000300044b354c45,00000000
000300044b354c45,tmd.1
000300044b354c50,00000000
000300044b354c50,tmd.0
000300044b354d45,00000000
000300044b354d45,tmd.0
000300044b354d4a,00000000
000300044b354d4a,tmd.0
000300044b354e45,00000000
000300044b354e45,tmd.0
000300044b354e4a,00000000
000300044b354e4a,tmd.0
000300044b354f45,00000000
000300044b354f45,tmd.0
000300044b354f4a,00000001
000300044b354f4a,tmd.1
000300044b355045,00000000
000300044b355045,tmd.0
000300044b355145,00000000
000300044b355145,tmd.1
000300044b35514a,00000000
000300044b35514a,tmd.0
000300044b355150,00000000
000300044b355150,tmd.1
000300044b35524a,00000001
000300044b35524a,tmd.1
000300044b35544a,00000001
000300044b35544a,tmd.1
000300044b355545,00000000
000300044b355545,tmd.0
000300044b355650,00000001
000300044b355650,tmd.1
000300044b363445,00000001
000300044b363445,tmd.1
000300044b363456,00000000
000300044b363456,tmd.0
000300044b36394a,00000000
000300044b36394a,tmd.0
000300044b36414a,00000000
000300044b36414a,tmd.0
000300044b364245,00000000
000300044b364245,tmd.2
000300044b364a4a,00000000
000300044b364a4a,tmd.0
000300044b364b45,00000004
000300044b364b45,tmd.256
000300044b364d4a,00000000
000300044b364d4a,tmd.0
000300044b36504a,00000000
000300044b36504a,tmd.0
000300044b365145,00000000
000300044b365145,tmd.0
000300044b36514a,00000000
000300044b36514a,tmd.0
000300044b365345,00000000
000300044b365345,tmd.1
000300044b365445,00000000
000300044b365445,tmd.3
000300044b373245,00000000
000300044b373245,tmd.0
000300044b373256,00000000
000300044b373256,tmd.0
000300044b373345,00000000
000300044b373345,tmd.3
000300044b374145,00000000
000300044b374145,tmd.1
000300044b374156,00000000
000300044b374156,tmd.0
000300044b374245,00000000
000300044b374245,tmd.1
000300044b374256,00000000
000300044b374256,tmd.3
000300044b374345,00000003
000300044b374345,tmd.3
000300044b374445,00000000
000300044b374445,tmd.0
000300044b374645,00000001
000300044b374645,tmd.1
000300044b374745,00000000
000300044b374745,tmd.1
000300044b374756,00000000
000300044b374756,tmd.1
000300044b374845,00000000
000300044b374845,tmd.2
000300044b374850,00000000
000300044b374850,tmd.1
000300044b374b45,00000001
000300044b374b45,tmd.2
000300044b374c4a,00000002
000300044b374c4a,tmd.2
000300044b37534a,00000003
000300044b37534a,tmd.3
000300044b375445,00000000
000300044b375445,tmd.0
000300044b375456,00000004
000300044b375456,tmd.4
000300044b375745,00000000
000300044b375745,tmd.1
000300044b375a45,00000000
000300044b375a45,tmd.3
000300044b38334a,00000000
000300044b38334a,tmd.0
000300044b38344a,00000001
000300044b38344a,tmd.1
000300044b38354a,00000001
000300044b38354a,tmd.1
000300044b383845,00000001
000300044b383845,tmd.1
000300044b383850,00000001
000300044b383850,tmd.2
000300044b384250,00000002
000300044b384250,tmd.2
000300044b38454a,00000000
000300044b38454a,tmd.0
000300044b38464a,00000000
000300044b38464a,tmd.0
000300044b384745,00000001
000300044b384745,tmd.1
000300044b38494a,00000001
000300044b38494a,tmd.1
000300044b384d50,00000002
000300044b384d50,tmd.2
000300044b38504a,00000000
000300044b38504a,tmd.1
000300044b38544a,00000000
000300044b38544a,tmd.0
000300044b38584a,00000000
000300044b38584a,tmd.0
000300044b393545,00000000
000300044b393545,tmd.0
000300044b393556,00000000
000300044b393556,tmd.2
000300044b393645,00000000
000300044b393645,tmd.0
000300044b39364a,00000000
000300044b39364a,tmd.0
000300044b39374a,00000000
000300044b39374a,tmd.0
000300044b39384a,00000000
000300044b39384a,tmd.0
000300044b393945,00000000
000300044b393945,tmd.4
000300044b39394a,00000000
000300044b39394a,tmd.0
000300044b393950,00000000
000300044b393950,tmd.0
000300044b394145,00000000
000300044b394145,tmd.1
000300044b394150,00000000
000300044b394150,tmd.1
000300044b394245,00000000
000300044b394245,tmd.0
000300044b39424a,00000000
000300044b39424a,tmd.1
000300044b39424b,00000000
000300044b39424b,tmd.0
000300044b394256,00000003
000300044b394256,tmd.3
000300044b39434a,00000000
000300044b39434a,tmd.0
000300044b39444a,00000000
000300044b39444a,tmd.0
000300044b394545,00000000
000300044b394545,tmd.1
000300044b394645,00000003
000300044b394645,tmd.8
000300044b394650,00000005
000300044b394650,tmd.8
000300044b394745,00000001
000300044b394745,tmd.1
000300044b394a45,00000000
000300044b394a45,tmd.0
000300044b394a4a,00000000
000300044b394a4a,tmd.1
000300044b394c4a,00000000
000300044b394c4a,tmd.0
000300044b394e4a,00000000
000300044b394e4a,tmd.0
000300044b395045,00000003
000300044b395045,tmd.3
000300044b395050,00000002
000300044b395050,tmd.2
000300044b395156,00000000
000300044b395156,tmd.1
000300044b39524a,00000002
000300044b39524a,tmd.3
000300044b395250,00000000
000300044b395250,tmd.3
000300044b39534a,00000000
000300044b39534a,tmd.0
000300044b395445,00000003
000300044b395445,tmd.4
000300044b395450,00000007
000300044b395450,tmd.7
000300044b395545,00000000
000300044b395545,tmd.1
000300044b395745,00000000
000300044b395745,tmd.0
000300044b395750,00000000
000300044b395750,tmd.0
000300044b395945,00000000
000300044b395945,tmd.0
000300044b39594a,00000000
000300044b39594a,tmd.0
000300044b395950,00000000
000300044b395950,tmd.0
000300044b395a50,00000003
000300044b395a50,tmd.3
000300044b413245,00000000
000300044b413245,tmd.0
000300044b41324a,00000000
000300044b41324a,tmd.0
000300044b413256,00000000
000300044b413256,tmd.0
000300044b413445,00000001
000300044b413445,tmd.1
000300044b41344a,00000002
000300044b41344a,tmd.2
000300044b41344b,00000000
000300044b41344b,tmd.0
000300044b413456,00000000
000300044b413456,tmd.0
000300044b413545,00000002
000300044b413545,tmd.3
000300044b413645,00000002
000300044b413645,tmd.2
000300044b413656,00000000
000300044b413656,tmd.0
000300044b41374a,00000001
000300044b41374a,tmd.1
000300044b413845,00000001
000300044b413845,tmd.1
000300044b41384a,00000001
000300044b41384a,tmd.1
000300044b41394a,00000001
000300044b41394a,tmd.1
000300044b414145,00000000
000300044b414145,tmd.0
000300044b41414a,00000001
000300044b41414a,tmd.1
000300044b414156,00000000
000300044b414156,tmd.0
000300044b414245,00000000
000300044b414245,tmd.0
000300044b41424a,00000000
000300044b41424a,tmd.0
000300044b414345,00000001
000300044b414345,tmd.1
000300044b414356,00000002
000300044b414356,tmd.2
000300044b414445,00000000
000300044b414445,tmd.1
000300044b41444a,00000000
000300044b41444a,tmd.0
000300044b414456,00000000
000300044b414456,tmd.0
000300044b414545,00000003
000300044b414545,tmd.3
000300044b414550,00000004
000300044b414550,tmd.4
000300044b414645,00000001
000300044b414645,tmd.1
000300044b414656,00000002
000300044b414656,tmd.2
000300044b41474a,00000000
000300044b41474a,tmd.0
000300044b414845,00000000
000300044b414845,tmd.0
000300044b41484a,00000000
000300044b41484a,tmd.0
000300044b414856,00000001
000300044b414856,tmd.1
000300044b414945,00000000
000300044b414945,tmd.0
000300044b41494a,00000000
000300044b41494a,tmd.0
000300044b414956,00000000
000300044b414956,tmd.0
000300044b414b45,00000000
000300044b414b45,tmd.1
000300044b414b4a,00000000
000300044b414b4a,tmd.0
000300044b414b56,00000000
000300044b414b56,tmd.0
000300044b414c45,00000002
000300044b414c45,tmd.2
000300044b414d43,00000000
000300044b414d43,tmd.0
000300044b414d45,00000001
000300044b414d45,tmd.1
000300044b414d4a,00000000
000300044b414d4a,tmd.0
000300044b414d4b,00000000
000300044b414d4b,tmd.0
000300044b414d56,00000000
000300044b414d56,tmd.0
000300044b414f45,00000002
000300044b414f45,tmd.2
000300044b415045,00000000
000300044b415045,tmd.0
000300044b41504a,00000000
000300044b41504a,tmd.0
000300044b415056,00000000
000300044b415056,tmd.0
000300044b415145,00000001
000300044b415145,tmd.1
000300044b41514a,00000000
000300044b41514a,tmd.0
000300044b41514b,00000000
000300044b41514b,tmd.0
000300044b415245,00000004
000300044b415245,tmd.6
000300044b415256,00000002
000300044b415256,tmd.2
000300044b415345,00000000
000300044b415345,tmd.1
000300044b41534a,00000000
000300044b41534a,tmd.0
000300044b415356,00000000
000300044b415356,tmd.0
000300044b415445,00000000
000300044b415445,tmd.0
000300044b415456,00000000
000300044b415456,tmd.0
000300044b415545,00000000
000300044b415545,tmd.1
000300044b41554a,00000000
000300044b41554a,tmd.0
000300044b415556,00000001
000300044b415556,tmd.1
000300044b415645,00000000
000300044b415645,tmd.0
000300044b41564a,00000001
000300044b41564a,tmd.1
000300044b415656,00000000
000300044b415656,tmd.0
000300044b415745,00000000
000300044b415745,tmd.1
000300044b415750,00000000
000300044b415750,tmd.2
000300044b415845,00000003
000300044b415845,tmd.4
000300044b415850,00000009
000300044b415850,tmd.9
000300044b415945,00000001
000300044b415945,tmd.1
000300044b415950,00000002
000300044b415950,tmd.2
000300044b415a45,00000005
000300044b415a45,tmd.5
000300044b415a4a,00000003
000300044b415a4a,tmd.3
000300044b415a4b,00000001
000300044b415a4b,tmd.1
000300044b415a56,00000001
000300044b415a56,tmd.1
000300044b423350,00000002
000300044b423350,tmd.2
000300044b423545,00000001
000300044b423545,tmd.4
000300044b423645,00000000
000300044b423645,tmd.1
000300044b423745,00000000
000300044b423745,tmd.2
000300044b423750,00000001
000300044b423750,tmd.1
000300044b423845,00000000
000300044b423845,tmd.1
000300044b42384a,00000000
000300044b42384a,tmd.0
000300044b423850,00000000
000300044b423850,tmd.0
000300044b42394a,00000000
000300044b42394a,tmd.0
000300044b424145,00000002
000300044b424145,tmd.2
000300044b424156,00000001
000300044b424156,tmd.1
000300044b424245,00000001
000300044b424245,tmd.1
000300044b42424a,00000002
000300044b42424a,tmd.2
000300044b424256,00000002
000300044b424256,tmd.2
000300044b424345,00000000
000300044b424345,tmd.1
000300044b42434a,00000000
000300044b42434a,tmd.0
000300044b424356,00000000
000300044b424356,tmd.0
000300044b424445,00000001
000300044b424445,tmd.1
000300044b424450,00000002
000300044b424450,tmd.2
000300044b424545,00000000
000300044b424545,tmd.0
000300044b42454a,00000000
000300044b42454a,tmd.0
000300044b424556,00000002
000300044b424556,tmd.2
000300044b42474a,00000000
000300044b42474a,tmd.0
000300044b424845,00000000
000300044b424845,tmd.0
000300044b424850,00000003
000300044b424850,tmd.3
000300044b424944,00000003
000300044b424944,tmd.3
000300044b424945,00000000
000300044b424945,tmd.0
000300044b424950,00000001
000300044b424950,tmd.1
000300044b424a45,00000001
000300044b424a45,tmd.1
000300044b424a50,00000000
000300044b424a50,tmd.0
000300044b424b45,00000002
000300044b424b45,tmd.3
000300044b424b56,00000004
000300044b424b56,tmd.4
000300044b424c45,00000006
000300044b424c45,tmd.6
000300044b424c50,00000008
000300044b424c50,tmd.8
000300044b424d45,00000001
000300044b424d45,tmd.1
000300044b424d4a,00000000
000300044b424d4a,tmd.0
000300044b424d56,00000000
000300044b424d56,tmd.0
000300044b424e45,00000000
000300044b424e45,tmd.0
000300044b424e4a,00000000
000300044b424e4a,tmd.0
000300044b424f45,00000001
000300044b424f45,tmd.1
000300044b424f50,00000004
000300044b424f50,tmd.4
000300044b425145,00000000
000300044b425145,tmd.1
000300044b42514a,00000000
000300044b42514a,tmd.0
000300044b425150,00000000
000300044b425150,tmd.1
000300044b42524a,00000001
000300044b42524a,tmd.1
000300044b42534a,00000000
000300044b42534a,tmd.0
000300044b425445,00000000
000300044b425445,tmd.0
000300044b42544a,00000000
000300044b42544a,tmd.0
000300044b42564a,00000000
000300044b42564a,tmd.0
000300044b425850,00000002
000300044b425850,tmd.2
000300044b425950,00000003
000300044b425950,tmd.3
000300044b425a45,00000002
000300044b425a45,tmd.2
000300044b425a4a,00000001
000300044b425a4a,tmd.1
000300044b425a4b,00000000
000300044b425a4b,tmd.0
000300044b433345,00000002
000300044b433345,tmd.2
000300044b433356,00000004
000300044b433356,tmd.4
000300044b433445,00000000
000300044b433445,tmd.1
000300044b433456,00000002
000300044b433456,tmd.2
000300044b433545,00000000
000300044b433545,tmd.2
000300044b43354a,00000000
000300044b43354a,tmd.0
000300044b433556,00000001
000300044b433556,tmd.2
000300044b433745,00000000
000300044b433745,tmd.0
000300044b433750,00000002
000300044b433750,tmd.5
000300044b43394a,00000001
000300044b43394a,tmd.1
000300044b43414a,00000000
000300044b43414a,tmd.0
000300044b43424a,00000000
000300044b43424a,tmd.0
000300044b434345,00000002
000300044b434345,tmd.2
000300044b434350,00000002
000300044b434350,tmd.2
000300044b43444a,00000000
000300044b43444a,tmd.0
000300044b434456,00000001
000300044b434456,tmd.1
000300044b434756,00000001
000300044b434756,tmd.1
000300044b43484a,00000001
000300044b43484a,tmd.1
000300044b434945,00000001
000300044b434945,tmd.1
000300044b434956,00000002
000300044b434956,tmd.2
000300044b434a45,00000001
000300044b434a45,tmd.1
000300044b434a50,00000002
000300044b434a50,tmd.2
000300044b434b4a,00000000
000300044b434b4a,tmd.0
000300044b434d45,00000001
000300044b434d45,tmd.1
000300044b434d4a,00000001
000300044b434d4a,tmd.1
000300044b434d56,00000003
000300044b434d56,tmd.3
000300044b434e44,00000002
000300044b434e44,tmd.2
000300044b434e45,00000001
000300044b434e45,tmd.1
000300044b434e46,00000002
000300044b434e46,tmd.2
000300044b434e49,00000002
000300044b434e49,tmd.2
000300044b434e4a,00000001
000300044b434e4a,tmd.1
000300044b434e50,00000002
000300044b434e50,tmd.2
000300044b434e53,00000002
000300044b434e53,tmd.2
000300044b434f45,00000000
000300044b434f45,tmd.0
000300044b434f4a,00000000
000300044b434f4a,tmd.0
000300044b434f56,00000000
000300044b434f56,tmd.0
000300044b43504a,00000001
000300044b43504a,tmd.1
000300044b435145,00000000
000300044b435145,tmd.3
000300044b435150,00000000
000300044b435150,tmd.2
000300044b435245,00000001
000300044b435245,tmd.1
000300044b435256,00000001
000300044b435256,tmd.1
000300044b43534a,00000000
000300044b43534a,tmd.0
000300044b435445,00000002
000300044b435445,tmd.2
000300044b435456,00000002
000300044b435456,tmd.2
000300044b43554a,00000000
000300044b43554a,tmd.0
000300044b435645,00000002
000300044b435645,tmd.2
000300044b435845,00000002
000300044b435845,tmd.2
000300044b435850,00000003
000300044b435850,tmd.3
000300044b435945,00000000
000300044b435945,tmd.1
000300044b435956,00000002
000300044b435956,tmd.2
000300044b435a45,00000005
000300044b435a45,tmd.5
000300044b435a4a,00000000
000300044b435a4a,tmd.0
000300044b443245,00000000
000300044b443245,tmd.0
000300044b44324a,00000000
000300044b44324a,tmd.0
000300044b443256,00000000
000300044b443256,tmd.0
000300044b44334a,00000000
000300044b44334a,tmd.0
000300044b44344a,00000000
000300044b44344a,tmd.0
000300044b44354a,00000000
000300044b44354a,tmd.0
000300044b443645,00000000
000300044b443645,tmd.0
000300044b443745,00000000
000300044b443745,tmd.0
000300044b44374a,00000000
000300044b44374a,tmd.0
000300044b443845,00000001
000300044b443845,tmd.1
000300044b443850,00000001
000300044b443850,tmd.1
000300044b443943,00000000
000300044b443943,tmd.0
000300044b443945,00000001
000300044b443945,tmd.1
000300044b44394a,00000000
000300044b44394a,tmd.0
000300044b443956,00000000
000300044b443956,tmd.0
000300044b444145,00000000
000300044b444145,tmd.0
000300044b44414a,00000001
000300044b44414a,tmd.1
000300044b444245,00000000
000300044b444245,tmd.0
000300044b44424a,00000000
000300044b44424a,tmd.0
000300044b444256,00000000
000300044b444256,tmd.0
000300044b444345,00000000
000300044b444345,tmd.0
000300044b444445,00000002
000300044b444445,tmd.2
000300044b44454a,00000001
000300044b44454a,tmd.1
000300044b444645,00000002
000300044b444645,tmd.3
000300044b44474a,00000000
000300044b44474a,tmd.0
000300044b444845,00000000
000300044b444845,tmd.1
000300044b44494a,00000002
000300044b44494a,tmd.2
000300044b444a45,00000003
000300044b444a45,tmd.3
000300044b444a56,00000002
000300044b444a56,tmd.2
000300044b444b45,00000002
000300044b444b45,tmd.2
000300044b444b50,00000003
000300044b444b50,tmd.3
000300044b444c45,00000002
000300044b444c45,tmd.2
000300044b444c56,00000001
000300044b444c56,tmd.1
000300044b444d45,00000002
000300044b444d45,tmd.2
000300044b444d4a,00000000
000300044b444d4a,tmd.0
000300044b444d56,00000000
000300044b444d56,tmd.0
000300044b444e4a,00000000
000300044b444e4a,tmd.0
000300044b444f43,00000000
000300044b444f43,tmd.0
000300044b445045,00000000
000300044b445045,tmd.0
000300044b445145,00000000
000300044b445145,tmd.0
000300044b44514a,00000001
000300044b44514a,tmd.1
000300044b445156,00000000
000300044b445156,tmd.0
000300044b445245,00000000
000300044b445245,tmd.0
000300044b44524a,00000001
000300044b44524a,tmd.1
000300044b445256,00000001
000300044b445256,tmd.1
000300044b445345,00000001
000300044b445345,tmd.1
000300044b445445,00000002
000300044b445445,tmd.2
000300044b445456,00000002
000300044b445456,tmd.2
000300044b44554a,00000002
000300044b44554a,tmd.3
000300044b44554b,00000001
000300044b44554b,tmd.3
000300044b445645,00000001
000300044b445645,tmd.1
000300044b445656,00000001
000300044b445656,tmd.1
000300044b445745,00000000
000300044b445745,tmd.1
000300044b445845,00000000
000300044b445845,tmd.0
000300044b44584a,00000000
000300044b44584a,tmd.0
000300044b445856,00000000
000300044b445856,tmd.0
000300044b445945,00000000
000300044b445945,tmd.0
000300044b44594a,00000000
000300044b44594a,tmd.0
000300044b445956,00000000
000300044b445956,tmd.0
000300044b445a45,00000000
000300044b445a45,tmd.0
000300044b445a4a,00000000
000300044b445a4a,tmd.0
000300044b445a56,00000000
000300044b445a56,tmd.0
000300044b45324a,00000000
000300044b45324a,tmd.1
000300044b453345,00000000
000300044b453345,tmd.0
000300044b45334a,00000000
000300044b45334a,tmd.0
000300044b453350,00000000
000300044b453350,tmd.0
000300044b453356,00000000
000300044b453356,tmd.0
000300044b45344a,00000001
000300044b45344a,tmd.1
000300044b45354a,00000002
000300044b45354a,tmd.2
000300044b453650,00000001
000300044b453650,tmd.1
000300044b453750,00000001
000300044b453750,tmd.1
000300044b45384a,00000002
000300044b45384a,tmd.2
000300044b453945,00000002
000300044b453945,tmd.4
000300044b45394a,00000002
000300044b45394a,tmd.2
000300044b454145,00000000
000300044b454145,tmd.0
000300044b45414a,00000000
000300044b45414a,tmd.0
000300044b454156,00000000
000300044b454156,tmd.0
000300044b454245,00000000
000300044b454245,tmd.0
000300044b45424a,00000000
000300044b45424a,tmd.0
000300044b454256,00000000
000300044b454256,tmd.0
000300044b454345,00000000
000300044b454345,tmd.0
000300044b45434a,00000000
000300044b45434a,tmd.0
000300044b454356,00000000
000300044b454356,tmd.0
000300044b454445,00000000
000300044b454445,tmd.0
000300044b45444a,00000000
000300044b45444a,tmd.0
000300044b454456,00000000
000300044b454456,tmd.0
000300044b454545,00000000
000300044b454545,tmd.0
000300044b45454a,00000000
000300044b45454a,tmd.0
000300044b454556,00000000
000300044b454556,tmd.0
000300044b454645,00000000
000300044b454645,tmd.0
000300044b45464a,00000000
000300044b45464a,tmd.0
000300044b454656,00000000
000300044b454656,tmd.0
000300044b454745,00000000
000300044b454745,tmd.0
000300044b45474a,00000000
000300044b45474a,tmd.0
000300044b454756,00000000
000300044b454756,tmd.0
000300044b454845,00000000
000300044b454845,tmd.0
000300044b45484a,00000000
000300044b45484a,tmd.0
000300044b454856,00000000
000300044b454856,tmd.0
000300044b454945,00000000
000300044b454945,tmd.0
000300044b45494a,00000000
000300044b45494a,tmd.0
000300044b454956,00000000
000300044b454956,tmd.0
000300044b454a45,00000000
000300044b454a45,tmd.0
000300044b454a4a,00000002
000300044b454a4a,tmd.2
000300044b454a56,00000000
000300044b454a56,tmd.0
000300044b454b4a,00000000
000300044b454b4a,tmd.0
000300044b454d45,00000002
000300044b454d45,tmd.2
000300044b454d50,00000006
000300044b454d50,tmd.7
000300044b454e4a,00000000
000300044b454e4a,tmd.0
000300044b45504a,00000001
000300044b45504a,tmd.1
000300044b455245,00000000
000300044b455245,tmd.0
000300044b45524a,00000000
000300044b45524a,tmd.0
000300044b455345,00000001
000300044b455345,tmd.1
000300044b45544a,00000000
000300044b45544a,tmd.0
000300044b455550,00000001
000300044b455550,tmd.1
000300044b45564a,00000001
000300044b45564a,tmd.1
000300044b455745,00000000
000300044b455745,tmd.0
000300044b45574a,00000000
000300044b45574a,tmd.0
000300044b455756,00000000
000300044b455756,tmd.0
000300044b455845,00000003
000300044b455845,tmd.4
000300044b455856,00000003
000300044b455856,tmd.3
000300044b455945,00000000
000300044b455945,tmd.0
000300044b45594a,00000000
000300044b45594a,tmd.0
000300044b455950,00000000
000300044b455950,tmd.1
000300044b455a50,00000001
000300044b455a50,tmd.1
000300044b46324a,00000001
000300044b46324a,tmd.1
000300044b463345,00000000
000300044b463345,tmd.0
000300044b46334a,00000001
000300044b46334a,tmd.1
000300044b463445,00000001
000300044b463445,tmd.1
000300044b463456,00000001
000300044b463456,tmd.1
000300044b463645,00000002
000300044b463645,tmd.2
000300044b463656,00000002
000300044b463656,tmd.2
000300044b463745,00000000
000300044b463745,tmd.0
000300044b46374a,00000000
000300044b46374a,tmd.0
000300044b463750,00000000
000300044b463750,tmd.1
000300044b463845,00000000
000300044b463845,tmd.0
000300044b463856,00000001
000300044b463856,tmd.1
000300044b463945,00000001
000300044b463945,tmd.1
000300044b463956,00000001
000300044b463956,tmd.1
000300044b464145,00000004
000300044b464145,tmd.4
000300044b464156,00000002
000300044b464156,tmd.2
000300044b464245,00000000
000300044b464245,tmd.4
000300044b46424a,00000000
000300044b46424a,tmd.0
000300044b464250,00000001
000300044b464250,tmd.2
000300044b464445,00000002
000300044b464445,tmd.3
000300044b464550,00000001
000300044b464550,tmd.1
000300044b464645,00000002
000300044b464645,tmd.2
000300044b464656,00000002
000300044b464656,tmd.2
000300044b464745,00000000
000300044b464745,tmd.0
000300044b464845,00000000
000300044b464845,tmd.0
000300044b464856,00000000
000300044b464856,tmd.0
000300044b464945,00000002
000300044b464945,tmd.2
000300044b464956,00000003
000300044b464956,tmd.3
000300044b464a4a,00000000
000300044b464a4a,tmd.0
000300044b464b45,00000000
000300044b464b45,tmd.1
000300044b464d45,00000002
000300044b464d45,tmd.3
000300044b464d4a,00000000
000300044b464d4a,tmd.0
000300044b464d50,00000003
000300044b464d50,tmd.3
000300044b464d55,00000002
000300044b464d55,tmd.2
000300044b464f45,00000001
000300044b464f45,tmd.1
000300044b464f50,00000001
000300044b464f50,tmd.1
000300044b465045,00000002
000300044b465045,tmd.2
000300044b465050,00000001
000300044b465050,tmd.1
000300044b465145,00000000
000300044b465145,tmd.4
000300044b465245,00000000
000300044b465245,tmd.0
000300044b46524a,00000000
000300044b46524a,tmd.0
000300044b465256,00000000
000300044b465256,tmd.0
000300044b465345,00000002
000300044b465345,tmd.2
000300044b465350,00000003
000300044b465350,tmd.3
000300044b465445,00000002
000300044b465445,tmd.2
000300044b465456,00000002
000300044b465456,tmd.2
000300044b465545,00000001
000300044b465545,tmd.1
000300044b465556,00000001
000300044b465556,tmd.1
000300044b465645,00000000
000300044b465645,tmd.1
000300044b46564a,00000000
000300044b46564a,tmd.0
000300044b46574a,00000001
000300044b46574a,tmd.2
000300044b465845,00000001
000300044b465845,tmd.1
000300044b465945,00000003
000300044b465945,tmd.4
000300044b465956,00000003
000300044b465956,tmd.3
000300044b465a45,00000001
000300044b465a45,tmd.1
000300044b465a4a,00000002
000300044b465a4a,tmd.2
000300044b465a56,00000003
000300044b465a56,tmd.3
000300044b473245,00000001
000300044b473245,tmd.1
000300044b47334a,00000000
000300044b47334a,tmd.0
000300044b47344a,00000001
000300044b47344a,tmd.1
000300044b473545,00000000
000300044b473545,tmd.2
000300044b47354a,00000000
000300044b47354a,tmd.0
000300044b473556,00000001
000300044b473556,tmd.1
000300044b473645,00000001
000300044b473645,tmd.1
000300044b473656,00000000
000300044b473656,tmd.0
000300044b473745,00000003
000300044b473745,tmd.3
000300044b473756,00000002
000300044b473756,tmd.3
000300044b473845,00000000
000300044b473845,tmd.0
000300044b473856,00000000
000300044b473856,tmd.0
000300044b47394a,00000000
000300044b47394a,tmd.0
000300044b474243,00000000
000300044b474243,tmd.0
000300044b47424a,00000001
000300044b47424a,tmd.1
000300044b47424f,00000000
000300044b47424f,tmd.0
000300044b474343,00000000
000300044b474343,tmd.0
000300044b47434a,00000001
000300044b47434a,tmd.1
000300044b47434f,00000001
000300044b47434f,tmd.1
000300044b474443,00000000
000300044b474443,tmd.0
000300044b47444a,00000000
000300044b47444a,tmd.0
000300044b47444f,00000000
000300044b47444f,tmd.0
000300044b47454a,00000000
000300044b47454a,tmd.0
000300044b474643,00000000
000300044b474643,tmd.0
000300044b47464a,00000001
000300044b47464a,tmd.1
000300044b47464f,00000000
000300044b47464f,tmd.0
000300044b474743,00000000
000300044b474743,tmd.0
000300044b47474a,00000000
000300044b47474a,tmd.0
000300044b47474f,00000000
000300044b47474f,tmd.0
000300044b474843,00000000
000300044b474843,tmd.0
000300044b47484a,00000000
000300044b47484a,tmd.0
000300044b47484f,00000001
000300044b47484f,tmd.1
000300044b474a43,00000000
000300044b474a43,tmd.0
000300044b474a4a,00000000
000300044b474a4a,tmd.0
000300044b474a4f,00000000
000300044b474a4f,tmd.0
000300044b474b45,00000001
000300044b474b45,tmd.1
000300044b474b50,00000001
000300044b474b50,tmd.1
000300044b474c45,00000001
000300044b474c45,tmd.1
000300044b474c56,00000000
000300044b474c56,tmd.0
000300044b474d43,00000000
000300044b474d43,tmd.0
000300044b474d4a,00000000
000300044b474d4a,tmd.0
000300044b474d4f,00000000
000300044b474d4f,tmd.0
000300044b474e45,00000000
000300044b474e45,tmd.0
000300044b474e4a,00000000
000300044b474e4a,tmd.0
000300044b474e56,00000000
000300044b474e56,tmd.0
000300044b475145,00000005
000300044b475145,tmd.5
000300044b475156,00000003
000300044b475156,tmd.3
000300044b475245,00000000
000300044b475245,tmd.1
000300044b475256,00000001
000300044b475256,tmd.1
000300044b475345,00000002
000300044b475345,tmd.3
000300044b475350,00000003
000300044b475350,tmd.3
000300044b475445,00000000
000300044b475445,tmd.0
000300044b475456,00000000
000300044b475456,tmd.0
000300044b475545,00000000
000300044b475545,tmd.0
000300044b47554a,00000001
000300044b47554a,tmd.1
000300044b47554a,00000003
000300044b47554a,tmd.257
000300044b47554a,00000004
000300044b47554a,tmd.512
000300044b475556,00000000
000300044b475556,tmd.0
000300044b475643,00000000
000300044b475643,tmd.0
000300044b47564a,00000000
000300044b47564a,tmd.0
000300044b47564f,00000000
000300044b47564f,tmd.0
000300044b475845,00000001
000300044b475845,tmd.1
000300044b47584a,00000000
000300044b47584a,tmd.0
000300044b475a45,00000000
000300044b475a45,tmd.4
000300044b48324a,00000000
000300044b48324a,tmd.0
000300044b48334a,00000000
000300044b48334a,tmd.0
000300044b48344a,00000000
000300044b48344a,tmd.0
000300044b483545,00000000
000300044b483545,tmd.0
000300044b48354a,00000000
000300044b48354a,tmd.0
000300044b48364a,00000000
000300044b48364a,tmd.0
000300044b48374a,00000000
000300044b48374a,tmd.0
000300044b48384a,00000000
000300044b48384a,tmd.0
000300044b48394a,00000000
000300044b48394a,tmd.0
000300044b484245,00000003
000300044b484245,tmd.3
000300044b484345,00000004
000300044b484345,tmd.4
000300044b484443,00000000
000300044b484443,tmd.0
000300044b484444,00000000
000300044b484444,tmd.0
000300044b484445,00000000
000300044b484445,tmd.0
000300044b484446,00000000
000300044b484446,tmd.0
000300044b484449,00000000
000300044b484449,tmd.0
000300044b48444a,00000000
000300044b48444a,tmd.0
000300044b48444b,00000000
000300044b48444b,tmd.0
000300044b484453,00000000
000300044b484453,tmd.0
000300044b484456,00000000
000300044b484456,tmd.0
000300044b484545,00000001
000300044b484545,tmd.2
000300044b48454a,00000001
000300044b48454a,tmd.1
000300044b484550,00000000
000300044b484550,tmd.3
000300044b484645,00000003
000300044b484645,tmd.3
000300044b48474a,00000002
000300044b48474a,tmd.2
000300044b484845,00000005
000300044b484845,tmd.6
000300044b484850,00000004
000300044b484850,tmd.5
000300044b484945,00000002
000300044b484945,tmd.2
000300044b484950,00000001
000300044b484950,tmd.8
000300044b484a45,00000000
000300044b484a45,tmd.3
000300044b484c45,00000001
000300044b484c45,tmd.1
000300044b484c56,00000000
000300044b484c56,tmd.0
000300044b484d4a,00000002
000300044b484d4a,tmd.2
000300044b484f4a,00000001
000300044b484f4a,tmd.1
000300044b485145,00000000
000300044b485145,tmd.4
000300044b485150,00000007
000300044b485150,tmd.9
000300044b485245,00000004
000300044b485245,tmd.4
000300044b485256,00000006
000300044b485256,tmd.6
000300044b48544a,00000000
000300044b48544a,tmd.0
000300044b485550,00000003
000300044b485550,tmd.3
000300044b485650,00000003
000300044b485650,tmd.3
000300044b485745,00000000
000300044b485745,tmd.1
000300044b485950,00000003
000300044b485950,tmd.3
000300044b485a50,00000003
000300044b485a50,tmd.3
000300044b49324a,00000001
000300044b49324a,tmd.1
000300044b493345,00000000
000300044b493345,tmd.4
000300044b493445,00000000
000300044b493445,tmd.3
000300044b49354a,00000000
000300044b49354a,tmd.0
000300044b493645,00000000
000300044b493645,tmd.0
000300044b49364a,00000001
000300044b49364a,tmd.1
000300044b493656,00000000
000300044b493656,tmd.0
000300044b493745,00000000
000300044b493745,tmd.1
000300044b493750,00000002
000300044b493750,tmd.2
000300044b493850,00000001
000300044b493850,tmd.1
000300044b494245,00000000
000300044b494245,tmd.3
000300044b494256,00000004
000300044b494256,tmd.4
000300044b494345,00000000
000300044b494345,tmd.0
000300044b494350,00000000
000300044b494350,tmd.0
000300044b494445,00000004
000300044b494445,tmd.4
000300044b494456,00000004
000300044b494456,tmd.4
000300044b494545,00000000
000300044b494545,tmd.0
000300044b49454a,00000001
000300044b49454a,tmd.1
000300044b494556,00000000
000300044b494556,tmd.0
000300044b494645,00000001
000300044b494645,tmd.1
000300044b494656,00000001
000300044b494656,tmd.1
000300044b494845,00000000
000300044b494845,tmd.2
000300044b494945,00000000
000300044b494945,tmd.0
000300044b494950,00000000
000300044b494950,tmd.1
000300044b494a45,00000000
000300044b494a45,tmd.2
000300044b494b4a,00000000
000300044b494b4a,tmd.0
000300044b494b56,00000001
000300044b494b56,tmd.1
000300044b494b58,00000002
000300044b494b58,tmd.3
000300044b494c4a,00000001
000300044b494c4a,tmd.1
000300044b494d4a,00000001
000300044b494d4a,tmd.1
000300044b494e50,00000000
000300044b494e50,tmd.0
000300044b494f45,00000000
000300044b494f45,tmd.2
000300044b494f50,00000000
000300044b494f50,tmd.1
000300044b49524a,00000000
000300044b49524a,tmd.0
000300044b495350,00000001
000300044b495350,tmd.1
000300044b495445,00000001
000300044b495445,tmd.1
000300044b49554a,00000001
000300044b49554a,tmd.1
000300044b49564a,00000001
000300044b49564a,tmd.1
000300044b495745,00000007
000300044b495745,tmd.12
000300044b49574a,00000000
000300044b49574a,tmd.0
000300044b495750,00000000
000300044b495750,tmd.5
000300044b495755,00000000
000300044b495755,tmd.1
000300044b49594a,00000000
000300044b49594a,tmd.0
000300044b4a324a,00000000
000300044b4a324a,tmd.0
000300044b4a334a,00000000
000300044b4a334a,tmd.0
000300044b4a344a,00000000
000300044b4a344a,tmd.0
000300044b4a354a,00000000
000300044b4a354a,tmd.0
000300044b4a364a,00000000
000300044b4a364a,tmd.0
000300044b4a374a,00000000
000300044b4a374a,tmd.0
000300044b4a384a,00000001
000300044b4a384a,tmd.1
000300044b4a394a,00000000
000300044b4a394a,tmd.0
000300044b4a414a,00000000
000300044b4a414a,tmd.0
000300044b4a4245,00000000
000300044b4a4245,tmd.1
000300044b4a4250,00000001
000300044b4a4250,tmd.1
000300044b4a434a,00000001
000300044b4a434a,tmd.1
000300044b4a4543,00000000
000300044b4a4543,tmd.0
000300044b4a454a,00000000
000300044b4a454a,tmd.0
000300044b4a4550,00000000
000300044b4a4550,tmd.0
000300044b4a4645,00000000
000300044b4a4645,tmd.1
000300044b4a4650,00000001
000300044b4a4650,tmd.1
000300044b4a4750,00000002
000300044b4a4750,tmd.2
000300044b4a4845,00000001
000300044b4a4845,tmd.2
000300044b4a4850,00000000
000300044b4a4850,tmd.1
000300044b4a494a,00000000
000300044b4a494a,tmd.0
000300044b4a4a45,00000001
000300044b4a4a45,tmd.2
000300044b4a4a50,00000000
000300044b4a4a50,tmd.0
000300044b4a4b4a,00000001
000300044b4a4b4a,tmd.1
000300044b4a4c4a,00000000
000300044b4a4c4a,tmd.0
000300044b4a4d45,00000006
000300044b4a4d45,tmd.7
000300044b4a4e4a,00000001
000300044b4a4e4a,tmd.1
000300044b4a4f45,00000005
000300044b4a4f45,tmd.6
000300044b4a5045,00000000
000300044b4a5045,tmd.0
000300044b4a504a,00000000
000300044b4a504a,tmd.1
000300044b4a514a,00000000
000300044b4a514a,tmd.0
000300044b4a5245,00000004
000300044b4a5245,tmd.4
000300044b4a5250,00000004
000300044b4a5250,tmd.4
000300044b4a5345,00000001
000300044b4a5345,tmd.1
000300044b4a5350,00000000
000300044b4a5350,tmd.0
000300044b4a544a,00000000
000300044b4a544a,tmd.0
000300044b4a5545,00000000
000300044b4a5545,tmd.0
000300044b4a554a,00000000
000300044b4a554a,tmd.0
000300044b4a5550,00000001
000300044b4a5550,tmd.1
000300044b4a574a,00000002
000300044b4a574a,tmd.2
000300044b4a574b,00000001
000300044b4a574b,tmd.1
000300044b4a5945,00000003
000300044b4a5945,tmd.3
000300044b4a5a4a,00000000
000300044b4a5a4a,tmd.0
000300044b4b3245,00000000
000300044b4b3245,tmd.0
000300044b4b324a,00000001
000300044b4b324a,tmd.1
000300044b4b3250,00000000
000300044b4b3250,tmd.4
000300044b4b334a,00000000
000300044b4b334a,tmd.0
000300044b4b344a,00000000
000300044b4b344a,tmd.0
000300044b4b3456,00000000
000300044b4b3456,tmd.0
000300044b4b354a,00000001
000300044b4b354a,tmd.1
000300044b4b364a,00000000
000300044b4b364a,tmd.0
000300044b4b3745,00000002
000300044b4b3745,tmd.2
000300044b4b374a,00000000
000300044b4b374a,tmd.0
000300044b4b3756,00000005
000300044b4b3756,tmd.5
000300044b4b4145,00000000
000300044b4b4145,tmd.0
000300044b4b4245,00000000
000300044b4b4245,tmd.1
000300044b4b424a,00000000
000300044b4b424a,tmd.1
000300044b4b4250,00000000
000300044b4b4250,tmd.1
000300044b4b434a,00000000
000300044b4b434a,tmd.0
000300044b4b444a,00000001
000300044b4b444a,tmd.1
000300044b4b4545,00000000
000300044b4b4545,tmd.2
000300044b4b4645,00000000
000300044b4b4645,tmd.2
000300044b4b464a,00000000
000300044b4b464a,tmd.0
000300044b4b4745,00000000
000300044b4b4745,tmd.1
000300044b4b474a,00000000
000300044b4b474a,tmd.0
000300044b4b4750,00000000
000300044b4b4750,tmd.2
000300044b4b4845,00000000
000300044b4b4845,tmd.0
000300044b4b484a,00000000
000300044b4b484a,tmd.0
000300044b4b4945,00000003
000300044b4b4945,tmd.7
000300044b4b4950,00000009
000300044b4b4950,tmd.9
000300044b4b4a4a,00000000
000300044b4b4a4a,tmd.0
000300044b4b4d4a,00000000
000300044b4b4d4a,tmd.0
000300044b4b4e45,00000001
000300044b4b4e45,tmd.3
000300044b4b4e50,00000000
000300044b4b4e50,tmd.4
000300044b4b4f4a,00000001
000300044b4b4f4a,tmd.1
000300044b4b4f4a,00000002
000300044b4b4f4a,tmd.256
000300044b4b4f4a,00000003
000300044b4b4f4a,tmd.512
000300044b4b5145,00000000
000300044b4b5145,tmd.3
000300044b4b5150,00000000
000300044b4b5150,tmd.1
000300044b4b5245,00000000
000300044b4b5245,tmd.2
000300044b4b5250,00000000
000300044b4b5250,tmd.0
000300044b4b534a,00000000
000300044b4b534a,tmd.0
000300044b4b5445,00000000
000300044b4b5445,tmd.3
000300044b4b5456,00000000
000300044b4b5456,tmd.4
000300044b4b5550,00000002
000300044b4b5550,tmd.2
000300044b4b5650,00000003
000300044b4b5650,tmd.3
000300044b4b5750,00000003
000300044b4b5750,tmd.3
000300044b4b5850,00000004
000300044b4b5850,tmd.4
000300044b4b594a,00000000
000300044b4b594a,tmd.0
000300044b4b594b,00000000
000300044b4b594b,tmd.0
000300044b4b5a45,00000000
000300044b4b5a45,tmd.1
000300044b4b5a50,00000000
000300044b4b5a50,tmd.1
000300044b4c3245,00000000
000300044b4c3245,tmd.0
000300044b4c3250,00000002
000300044b4c3250,tmd.2
000300044b4c3345,00000000
000300044b4c3345,tmd.1
000300044b4c3350,00000000
000300044b4c3350,tmd.0
000300044b4c3445,00000000
000300044b4c3445,tmd.1
000300044b4c3450,00000000
000300044b4c3450,tmd.0
000300044b4c364a,00000000
000300044b4c364a,tmd.0
000300044b4c374a,00000000
000300044b4c374a,tmd.0
000300044b4c384a,00000001
000300044b4c384a,tmd.1
000300044b4c394a,00000000
000300044b4c394a,tmd.0
000300044b4c4245,00000000
000300044b4c4245,tmd.1
000300044b4c424a,00000000
000300044b4c424a,tmd.0
000300044b4c4250,00000000
000300044b4c4250,tmd.3
000300044b4c4445,00000002
000300044b4c4445,tmd.2
000300044b4c444a,00000000
000300044b4c444a,tmd.0
000300044b4c4456,00000003
000300044b4c4456,tmd.3
000300044b4c4545,00000000
000300044b4c4545,tmd.0
000300044b4c454a,00000001
000300044b4c454a,tmd.1
000300044b4c4645,00000003
000300044b4c4645,tmd.3
000300044b4c4650,00000004
000300044b4c4650,tmd.4
000300044b4c4745,00000000
000300044b4c4745,tmd.0
000300044b4c474a,00000000
000300044b4c474a,tmd.0
000300044b4c4756,00000000
000300044b4c4756,tmd.0
000300044b4c484a,00000000
000300044b4c484a,tmd.0
000300044b4c4945,00000003
000300044b4c4945,tmd.3
000300044b4c4a45,00000001
000300044b4c4a45,tmd.3
000300044b4c4a56,00000000
000300044b4c4a56,tmd.2
000300044b4c4b45,00000001
000300044b4c4b45,tmd.3
000300044b4c4b50,00000000
000300044b4c4b50,tmd.3
000300044b4c4c45,00000001
000300044b4c4c45,tmd.1
000300044b4c4c4a,00000000
000300044b4c4c4a,tmd.0
000300044b4c4c50,00000004
000300044b4c4c50,tmd.4
000300044b4c4d45,00000001
000300044b4c4d45,tmd.6
000300044b4c4d50,00000000
000300044b4c4d50,tmd.5
000300044b4c4e45,00000001
000300044b4c4e45,tmd.2
000300044b4c4e50,00000001
000300044b4c4e50,tmd.5
000300044b4c4f45,00000000
000300044b4c4f45,tmd.2
000300044b4c4f4a,00000000
000300044b4c4f4a,tmd.0
000300044b4c4f56,00000002
000300044b4c4f56,tmd.2
000300044b4c5045,00000000
000300044b4c5045,tmd.0
000300044b4c5056,00000000
000300044b4c5056,tmd.0
000300044b4c5145,00000001
000300044b4c5145,tmd.1
000300044b4c514a,00000000
000300044b4c514a,tmd.0
000300044b4c514b,00000000
000300044b4c514b,tmd.0
000300044b4c5150,00000000
000300044b4c5150,tmd.0
000300044b4c5245,00000002
000300044b4c5245,tmd.2
000300044b4c5250,00000003
000300044b4c5250,tmd.3
000300044b4c5445,00000000
000300044b4c5445,tmd.0
000300044b4c5456,00000002
000300044b4c5456,tmd.2
000300044b4c5645,00000001
000300044b4c5645,tmd.1
000300044b4c564a,00000000
000300044b4c564a,tmd.0
000300044b4c5650,00000000
000300044b4c5650,tmd.0
000300044b4c5750,00000003
000300044b4c5750,tmd.3
000300044b4c584a,00000001
000300044b4c584a,tmd.1
000300044b4c5945,00000000
000300044b4c5945,tmd.0
000300044b4c5956,00000002
000300044b4c5956,tmd.2
000300044b4d3345,00000000
000300044b4d3345,tmd.1
000300044b4d3350,00000001
000300044b4d3350,tmd.1
000300044b4d344a,00000000
000300044b4d344a,tmd.0
000300044b4d354a,00000000
000300044b4d354a,tmd.0
000300044b4d3656,00000001
000300044b4d3656,tmd.1
000300044b4d3750,00000002
000300044b4d3750,tmd.2
000300044b4d3845,00000000
000300044b4d3845,tmd.0
000300044b4d384a,00000000
000300044b4d384a,tmd.0
000300044b4d3856,00000000
000300044b4d3856,tmd.0
000300044b4d394a,00000000
000300044b4d394a,tmd.0
000300044b4d3950,00000000
000300044b4d3950,tmd.1
000300044b4d3954,00000001
000300044b4d3954,tmd.1
000300044b4d3958,00000000
000300044b4d3958,tmd.1
000300044b4d414a,00000000
000300044b4d414a,tmd.0
000300044b4d424a,00000000
000300044b4d424a,tmd.0
000300044b4d444a,00000000
000300044b4d444a,tmd.0
000300044b4d4450,00000000
000300044b4d4450,tmd.0
000300044b4d4454,00000000
000300044b4d4454,tmd.0
000300044b4d4545,00000000
000300044b4d4545,tmd.0
000300044b4d454a,00000001
000300044b4d454a,tmd.1
000300044b4d4556,00000000
000300044b4d4556,tmd.0
000300044b4d464a,00000000
000300044b4d464a,tmd.0
000300044b4d4650,00000000
000300044b4d4650,tmd.1
000300044b4d4654,00000001
000300044b4d4654,tmd.1
000300044b4d4658,00000000
000300044b4d4658,tmd.1
000300044b4d4745,00000000
000300044b4d4745,tmd.0
000300044b4d474a,00000000
000300044b4d474a,tmd.1
000300044b4d4756,00000000
000300044b4d4756,tmd.0
000300044b4d4845,00000001
000300044b4d4845,tmd.1
000300044b4d4856,00000001
000300044b4d4856,tmd.1
000300044b4d494a,00000000
000300044b4d494a,tmd.0
000300044b4d4950,00000000
000300044b4d4950,tmd.0
000300044b4d4954,00000000
000300044b4d4954,tmd.0
000300044b4d4a45,00000005
000300044b4d4a45,tmd.5
000300044b4d4a50,00000006
000300044b4d4a50,tmd.6
000300044b4d4b44,00000007
000300044b4d4b44,tmd.7
000300044b4d4c45,00000002
000300044b4d4c45,tmd.2
000300044b4d4c4a,00000001
000300044b4d4c4a,tmd.1
000300044b4d4d45,00000001
000300044b4d4d45,tmd.1
000300044b4d4d56,00000000
000300044b4d4d56,tmd.0
000300044b4d4e4a,00000000
000300044b4d4e4a,tmd.0
000300044b4d4e50,00000000
000300044b4d4e50,tmd.0
000300044b4d4e54,00000000
000300044b4d4e54,tmd.0
000300044b4d4f45,00000001
000300044b4d4f45,tmd.2
000300044b4d4f50,00000001
000300044b4d4f50,tmd.1
000300044b4d504a,00000000
000300044b4d504a,tmd.0
000300044b4d5146,00000003
000300044b4d5146,tmd.3
000300044b4d5245,00000004
000300044b4d5245,tmd.256
000300044b4d5256,00000006
000300044b4d5256,tmd.6
000300044b4d534a,00000000
000300044b4d534a,tmd.0
000300044b4d5350,00000000
000300044b4d5350,tmd.1
000300044b4d5354,00000001
000300044b4d5354,tmd.1
000300044b4d5358,00000000
000300044b4d5358,tmd.0
000300044b4d5445,00000000
000300044b4d5445,tmd.0
000300044b4d544a,00000000
000300044b4d544a,tmd.0
000300044b4d5545,00000001
000300044b4d5545,tmd.1
000300044b4d5645,00000004
000300044b4d5645,tmd.256
000300044b4d5656,00000008
000300044b4d5656,tmd.8
000300044b4d584a,00000000
000300044b4d584a,tmd.0
000300044b4d5945,00000002
000300044b4d5945,tmd.2
000300044b4d594a,00000002
000300044b4d594a,tmd.2
000300044b4d5956,00000002
000300044b4d5956,tmd.2
000300044b4d5a4a,00000000
000300044b4d5a4a,tmd.0
000300044b4d5a56,00000000
000300044b4d5a56,tmd.0
000300044b4e3245,00000000
000300044b4e3245,tmd.3
000300044b4e324a,00000000
000300044b4e324a,tmd.0
000300044b4e3256,00000000
000300044b4e3256,tmd.2
000300044b4e334a,00000000
000300044b4e334a,tmd.0
000300044b4e344a,00000003
000300044b4e344a,tmd.3
000300044b4e3545,00000002
000300044b4e3545,tmd.2
000300044b4e3556,00000003
000300044b4e3556,tmd.3
000300044b4e3645,00000002
000300044b4e3645,tmd.2
000300044b4e3656,00000003
000300044b4e3656,tmd.3
000300044b4e3745,00000002
000300044b4e3745,tmd.2
000300044b4e3756,00000003
000300044b4e3756,tmd.3
000300044b4e3945,00000000
000300044b4e3945,tmd.0
000300044b4e3945,00000001
000300044b4e3945,tmd.256
000300044b4e3945,00000002
000300044b4e3945,tmd.512
000300044b4e3948,00000000
000300044b4e3948,tmd.0
000300044b4e394a,00000000
000300044b4e394a,tmd.0
000300044b4e3956,00000000
000300044b4e3956,tmd.0
000300044b4e4145,00000000
000300044b4e4145,tmd.0
000300044b4e414a,00000001
000300044b4e414a,tmd.1
000300044b4e414a,00000002
000300044b4e414a,tmd.256
000300044b4e414a,00000003
000300044b4e414a,tmd.512
000300044b4e4150,00000000
000300044b4e4150,tmd.1
000300044b4e4245,00000004
000300044b4e4245,tmd.4
000300044b4e4256,00000004
000300044b4e4256,tmd.4
000300044b4e434a,00000001
000300044b4e434a,tmd.1
000300044b4e4445,00000000
000300044b4e4445,tmd.0
000300044b4e4448,00000001
000300044b4e4448,tmd.2
000300044b4e444a,00000000
000300044b4e444a,tmd.0
000300044b4e4456,00000001
000300044b4e4456,tmd.2
000300044b4e454a,00000000
000300044b4e454a,tmd.0
000300044b4e4745,00000003
000300044b4e4745,tmd.4
000300044b4e4756,00000004
000300044b4e4756,tmd.4
000300044b4e4845,00000000
000300044b4e4845,tmd.0
000300044b4e484a,00000000
000300044b4e484a,tmd.0
000300044b4e4856,00000000
000300044b4e4856,tmd.1
000300044b4e494a,00000003
000300044b4e494a,tmd.3
000300044b4e4a4a,00000000
000300044b4e4a4a,tmd.0
000300044b4e4b4a,00000000
000300044b4e4b4a,tmd.0
000300044b4e4c45,00000003
000300044b4e4c45,tmd.4
000300044b4e4c56,00000004
000300044b4e4c56,tmd.4
000300044b4e4d4a,00000000
000300044b4e4d4a,tmd.0
000300044b4e4f4a,00000000
000300044b4e4f4a,tmd.0
000300044b4e5045,00000001
000300044b4e5045,tmd.1
000300044b4e5056,00000002
000300044b4e5056,tmd.2
000300044b4e5243,00000000
000300044b4e5243,tmd.0
000300044b4e5245,00000000
000300044b4e5245,tmd.1
000300044b4e5245,00000001
000300044b4e5245,tmd.256
000300044b4e5245,00000002
000300044b4e5245,tmd.512
000300044b4e5248,00000000
000300044b4e5248,tmd.0
000300044b4e524a,00000000
000300044b4e524a,tmd.0
000300044b4e524b,00000000
000300044b4e524b,tmd.0
000300044b4e5256,00000000
000300044b4e5256,tmd.0
000300044b4e534a,00000000
000300044b4e534a,tmd.0
000300044b4e544a,00000001
000300044b4e544a,tmd.1
000300044b4e5550,00000001
000300044b4e5550,tmd.1
000300044b4e564a,00000000
000300044b4e564a,tmd.0
000300044b4e5745,00000000
000300044b4e5745,tmd.2
000300044b4e5750,00000000
000300044b4e5750,tmd.0
000300044b4e5945,00000000
000300044b4e5945,tmd.0
000300044b4e594a,00000000
000300044b4e594a,tmd.0
000300044b4e5a45,00000002
000300044b4e5a45,tmd.2
000300044b4f3256,00000003
000300044b4f3256,tmd.3
000300044b4f3356,00000003
000300044b4f3356,tmd.3
000300044b4f3445,00000000
000300044b4f3445,tmd.0
000300044b4f3456,00000003
000300044b4f3456,tmd.3
000300044b4f354a,00000000
000300044b4f354a,tmd.0
000300044b4f364a,00000000
000300044b4f364a,tmd.0
000300044b4f374a,00000000
000300044b4f374a,tmd.0
000300044b4f384a,00000000
000300044b4f384a,tmd.0
000300044b4f3945,00000000
000300044b4f3945,tmd.0
000300044b4f3950,00000000
000300044b4f3950,tmd.0
000300044b4f414a,00000000
000300044b4f414a,tmd.0
000300044b4f424a,00000000
000300044b4f424a,tmd.0
000300044b4f434a,00000000
000300044b4f434a,tmd.0
000300044b4f444a,00000000
000300044b4f444a,tmd.0
000300044b4f454a,00000000
000300044b4f454a,tmd.0
000300044b4f4645,00000000
000300044b4f4645,tmd.1
000300044b4f4650,00000001
000300044b4f4650,tmd.1
000300044b4f4745,00000003
000300044b4f4745,tmd.3
000300044b4f474a,00000000
000300044b4f474a,tmd.0
000300044b4f474b,00000000
000300044b4f474b,tmd.0
000300044b4f4750,00000001
000300044b4f4750,tmd.1
000300044b4f484a,00000001
000300044b4f484a,tmd.1
000300044b4f4956,00000003
000300044b4f4956,tmd.3
000300044b4f4a4b,00000000
000300044b4f4a4b,tmd.0
000300044b4f4b45,00000001
000300044b4f4b45,tmd.1
000300044b4f4b50,00000000
000300044b4f4b50,tmd.0
000300044b4f4c4a,00000001
000300044b4f4c4a,tmd.1
000300044b4f4e4a,00000000
000300044b4f4e4a,tmd.0
000300044b4f4f4a,00000000
000300044b4f4f4a,tmd.0
000300044b4f504a,00000002
000300044b4f504a,tmd.2
000300044b4f5145,00000000
000300044b4f5145,tmd.0
000300044b4f514a,00000000
000300044b4f514a,tmd.0
000300044b4f5150,00000000
000300044b4f5150,tmd.1
000300044b4f5245,00000001
000300044b4f5245,tmd.1
000300044b4f534a,00000000
000300044b4f534a,tmd.0
000300044b4f534b,00000000
000300044b4f534b,tmd.0
000300044b4f5445,00000002
000300044b4f5445,tmd.3
000300044b4f5450,00000002
000300044b4f5450,tmd.2
000300044b4f5545,00000001
000300044b4f5545,tmd.7
000300044b4f5550,00000003
000300044b4f5550,tmd.4
000300044b4f5745,00000000
000300044b4f5745,tmd.1
000300044b4f5750,00000002
000300044b4f5750,tmd.3
000300044b4f5845,00000001
000300044b4f5845,tmd.3
000300044b4f5856,00000004
000300044b4f5856,tmd.6
000300044b4f5945,00000002
000300044b4f5945,tmd.2
000300044b4f5950,00000002
000300044b4f5950,tmd.2
000300044b4f5a4a,00000000
000300044b4f5a4a,tmd.0
000300044b503245,00000002
000300044b503245,tmd.2
000300044b503256,00000002
000300044b503256,tmd.2
000300044b503345,00000002
000300044b503345,tmd.2
000300044b503356,00000002
000300044b503356,tmd.2
000300044b503545,00000001
000300044b503545,tmd.1
000300044b503556,00000002
000300044b503556,tmd.2
000300044b503643,00000000
000300044b503643,tmd.0
000300044b503645,00000001
000300044b503645,tmd.1
000300044b50364a,00000000
000300044b50364a,tmd.1
000300044b50364b,00000000
000300044b50364b,tmd.0
000300044b503656,00000000
000300044b503656,tmd.0
000300044b503745,00000001
000300044b503745,tmd.1
000300044b503756,00000000
000300044b503756,tmd.0
000300044b503845,00000001
000300044b503845,tmd.1
000300044b503850,00000002
000300044b503850,tmd.2
000300044b503945,00000002
000300044b503945,tmd.2
000300044b50394a,00000000
000300044b50394a,tmd.0
000300044b504145,00000000
000300044b504145,tmd.0
000300044b50414a,00000000
000300044b50414a,tmd.0
000300044b504244,00000000
000300044b504244,tmd.0
000300044b504245,00000000
000300044b504245,tmd.0
000300044b504246,00000000
000300044b504246,tmd.0
000300044b504249,00000000
000300044b504249,tmd.0
000300044b50424a,00000000
000300044b50424a,tmd.0
000300044b504253,00000000
000300044b504253,tmd.0
000300044b504256,00000000
000300044b504256,tmd.0
000300044b504345,00000003
000300044b504345,tmd.3
000300044b50434a,00000000
000300044b50434a,tmd.0
000300044b504356,00000002
000300044b504356,tmd.2
000300044b504450,00000002
000300044b504450,tmd.2
000300044b504645,00000001
000300044b504645,tmd.1
000300044b504650,00000001
000300044b504650,tmd.1
000300044b504745,00000001
000300044b504745,tmd.1
000300044b504845,00000004
000300044b504845,tmd.4
000300044b50484a,00000000
000300044b50484a,tmd.0
000300044b504856,00000002
000300044b504856,tmd.2
000300044b504945,00000000
000300044b504945,tmd.0
000300044b504956,00000000
000300044b504956,tmd.0
000300044b504a45,00000002
000300044b504a45,tmd.2
000300044b504a4a,00000000
000300044b504a4a,tmd.1
000300044b504b45,00000002
000300044b504b45,tmd.2
000300044b504b56,00000002
000300044b504b56,tmd.2
000300044b504c45,00000000
000300044b504c45,tmd.1
000300044b504c50,00000001
000300044b504c50,tmd.1
000300044b504d4a,00000000
000300044b504d4a,tmd.0
000300044b504e45,00000000
000300044b504e45,tmd.0
000300044b504e4a,00000001
000300044b504e4a,tmd.1
000300044b504e56,00000000
000300044b504e56,tmd.0
000300044b504f45,00000002
000300044b504f45,tmd.3
000300044b504f4a,00000001
000300044b504f4a,tmd.1
000300044b504f56,00000002
000300044b504f56,tmd.2
000300044b505045,00000001
000300044b505045,tmd.2
000300044b505050,00000004
000300044b505050,tmd.4
000300044b505145,00000000
000300044b505145,tmd.2
000300044b50514a,00000001
000300044b50514a,tmd.1
000300044b505150,00000002
000300044b505150,tmd.2
000300044b505256,00000005
000300044b505256,tmd.5
000300044b50534a,00000000
000300044b50534a,tmd.0
000300044b505445,00000000
000300044b505445,tmd.0
000300044b50544a,00000000
000300044b50544a,tmd.0
000300044b505456,00000000
000300044b505456,tmd.0
000300044b505550,00000002
000300044b505550,tmd.2
000300044b50574a,00000000
000300044b50574a,tmd.0
000300044b505945,00000001
000300044b505945,tmd.1
000300044b50594a,00000000
000300044b50594a,tmd.0
000300044b505950,00000001
000300044b505950,tmd.1
000300044b505a45,00000000
000300044b505a45,tmd.2
000300044b505a56,00000000
000300044b505a56,tmd.2
000300044b51324a,00000000
000300044b51324a,tmd.0
000300044b51334a,00000000
000300044b51334a,tmd.0
000300044b51344a,00000000
000300044b51344a,tmd.0
000300044b513645,00000000
000300044b513645,tmd.0
000300044b51364a,00000001
000300044b51364a,tmd.1
000300044b513656,00000001
000300044b513656,tmd.1
000300044b51374a,00000001
000300044b51374a,tmd.1
000300044b51384a,00000000
000300044b51384a,tmd.0
000300044b513945,00000000
000300044b513945,tmd.0
000300044b51394a,00000001
000300044b51394a,tmd.2
000300044b513956,00000001
000300044b513956,tmd.1
000300044b514145,00000001
000300044b514145,tmd.1
000300044b51414a,00000000
000300044b51414a,tmd.0
000300044b514150,00000000
000300044b514150,tmd.0
000300044b514245,00000001
000300044b514245,tmd.2
000300044b514250,00000000
000300044b514250,tmd.1
000300044b51434a,00000001
000300044b51434a,tmd.1
000300044b514445,00000001
000300044b514445,tmd.1
000300044b51444a,00000000
000300044b51444a,tmd.0
000300044b514456,00000001
000300044b514456,tmd.1
000300044b514545,00000000
000300044b514545,tmd.2
000300044b51494a,00000000
000300044b51494a,tmd.0
000300044b514a4a,00000001
000300044b514a4a,tmd.1
000300044b514b45,00000000
000300044b514b45,tmd.0
000300044b514b56,00000001
000300044b514b56,tmd.2
000300044b514c4a,00000000
000300044b514c4a,tmd.0
000300044b514e45,00000000
000300044b514e45,tmd.2
000300044b514e4a,00000000
000300044b514e4a,tmd.0
000300044b514e56,00000000
000300044b514e56,tmd.3
000300044b514f45,00000000
000300044b514f45,tmd.2
000300044b514f56,00000000
000300044b514f56,tmd.0
000300044b515045,00000000
000300044b515045,tmd.0
000300044b515050,00000000
000300044b515050,tmd.0
000300044b515145,00000000
000300044b515145,tmd.2
000300044b51514a,00000000
000300044b51514a,tmd.1
000300044b515150,00000000
000300044b515150,tmd.1
000300044b515245,00000000
000300044b515245,tmd.0
000300044b515256,00000001
000300044b515256,tmd.1
000300044b515645,00000000
000300044b515645,tmd.1
000300044b51564a,00000001
000300044b51564a,tmd.1
000300044b515656,00000000
000300044b515656,tmd.2
000300044b51574a,00000000
000300044b51574a,tmd.0
000300044b51584a,00000000
000300044b51584a,tmd.0
000300044b51594a,00000001
000300044b51594a,tmd.1
000300044b515a45,00000000
000300044b515a45,tmd.1
000300044b515a50,00000000
000300044b515a50,tmd.2
000300044b52324a,00000000
000300044b52324a,tmd.0
000300044b52334a,00000000
000300044b52334a,tmd.0
000300044b52344a,00000000
000300044b52344a,tmd.0
000300044b52354a,00000000
000300044b52354a,tmd.0
000300044b52364a,00000000
000300044b52364a,tmd.0
000300044b52374a,00000000
000300044b52374a,tmd.0
000300044b52384a,00000000
000300044b52384a,tmd.0
000300044b52394a,00000000
000300044b52394a,tmd.0
000300044b524156,00000000
000300044b524156,tmd.0
000300044b524256,00000001
000300044b524256,tmd.1
000300044b524345,00000001
000300044b524345,tmd.1
000300044b524356,00000003
000300044b524356,tmd.3
000300044b524445,00000002
000300044b524445,tmd.2
000300044b52454a,00000002
000300044b52454a,tmd.2
000300044b524645,00000002
000300044b524645,tmd.2
000300044b524656,00000000
000300044b524656,tmd.0
000300044b524743,00000000
000300044b524743,tmd.0
000300044b524745,00000000
000300044b524745,tmd.1
000300044b52474a,00000000
000300044b52474a,tmd.0
000300044b52474b,00000000
000300044b52474b,tmd.0
000300044b524756,00000000
000300044b524756,tmd.0
000300044b524845,00000000
000300044b524845,tmd.0
000300044b524856,00000000
000300044b524856,tmd.0
000300044b52494a,00000000
000300044b52494a,tmd.0
000300044b524a45,00000002
000300044b524a45,tmd.2
000300044b524a50,00000003
000300044b524a50,tmd.4
000300044b524b45,00000002
000300044b524b45,tmd.2
000300044b524b4a,00000001
000300044b524b4a,tmd.1
000300044b524b56,00000003
000300044b524b56,tmd.3
000300044b524c45,00000000
000300044b524c45,tmd.1
000300044b524c4a,00000000
000300044b524c4a,tmd.0
000300044b524d45,00000000
000300044b524d45,tmd.0
000300044b524d56,00000000
000300044b524d56,tmd.0
000300044b524e45,00000004
000300044b524e45,tmd.4
000300044b524e56,00000003
000300044b524e56,tmd.3
000300044b52504a,00000000
000300044b52504a,tmd.0
000300044b525145,00000000
000300044b525145,tmd.0
000300044b525156,00000001
000300044b525156,tmd.1
000300044b525245,00000000
000300044b525245,tmd.0
000300044b525250,00000000
000300044b525250,tmd.1
000300044b52534a,00000001
000300044b52534a,tmd.1
000300044b525445,00000001
000300044b525445,tmd.1
000300044b52544a,00000000
000300044b52544a,tmd.0
000300044b525456,00000003
000300044b525456,tmd.3
000300044b525545,00000001
000300044b525545,tmd.1
000300044b525550,00000000
000300044b525550,tmd.3
000300044b525645,00000000
000300044b525645,tmd.1
000300044b525656,00000002
000300044b525656,tmd.2
000300044b525745,00000000
000300044b525745,tmd.1
000300044b52574a,00000000
000300044b52574a,tmd.0
000300044b525750,00000000
000300044b525750,tmd.2
000300044b52584a,00000000
000300044b52584a,tmd.0
000300044b525a45,00000003
000300044b525a45,tmd.3
000300044b525a56,00000003
000300044b525a56,tmd.3
000300044b53324a,00000002
000300044b53324a,tmd.2
000300044b533345,00000001
000300044b533345,tmd.1
000300044b533350,00000002
000300044b533350,tmd.2
000300044b533450,00000003
000300044b533450,tmd.3
000300044b533945,00000001
000300044b533945,tmd.1
000300044b53394a,00000000
000300044b53394a,tmd.0
000300044b533956,00000002
000300044b533956,tmd.3
000300044b534145,00000001
000300044b534145,tmd.1
000300044b534245,00000001
000300044b534245,tmd.1
000300044b534256,00000001
000300044b534256,tmd.1
000300044b534345,00000002
000300044b534345,tmd.2
000300044b534350,00000003
000300044b534350,tmd.3
000300044b534445,00000000
000300044b534445,tmd.0
000300044b53444a,00000000
000300044b53444a,tmd.0
000300044b534450,00000001
000300044b534450,tmd.1
000300044b534543,00000000
000300044b534543,tmd.0
000300044b53454a,00000000
000300044b53454a,tmd.0
000300044b534550,00000000
000300044b534550,tmd.0
000300044b534645,00000004
000300044b534645,tmd.5
000300044b534750,00000007
000300044b534750,tmd.7
000300044b534845,00000000
000300044b534845,tmd.2
000300044b53484a,00000000
000300044b53484a,tmd.0
000300044b534856,00000001
000300044b534856,tmd.1
000300044b534945,00000002
000300044b534945,tmd.2
000300044b534a45,00000001
000300044b534a45,tmd.2
000300044b534b45,00000000
000300044b534b45,tmd.0
000300044b534b4a,00000000
000300044b534b4a,tmd.0
000300044b534b56,00000000
000300044b534b56,tmd.0
000300044b534c43,00000000
000300044b534c43,tmd.0
000300044b534c45,00000000
000300044b534c45,tmd.0
000300044b534c4a,00000000
000300044b534c4a,tmd.0
000300044b534c56,00000000
000300044b534c56,tmd.0
000300044b534d45,00000000
000300044b534d45,tmd.2
000300044b534d4a,00000000
000300044b534d4a,tmd.0
000300044b534d56,00000001
000300044b534d56,tmd.1
000300044b534f45,00000000
000300044b534f45,tmd.0
000300044b534f50,00000003
000300044b534f50,tmd.3
000300044b535043,00000000
000300044b535043,tmd.0
000300044b535045,00000000
000300044b535045,tmd.0
000300044b53504a,00000000
000300044b53504a,tmd.0
000300044b53504b,00000000
000300044b53504b,tmd.0
000300044b535056,00000000
000300044b535056,tmd.0
000300044b535145,00000002
000300044b535145,tmd.5
000300044b535245,00000000
000300044b535245,tmd.0
000300044b53524a,00000000
000300044b53524a,tmd.0
000300044b535256,00000000
000300044b535256,tmd.0
000300044b535345,00000001
000300044b535345,tmd.1
000300044b535445,00000001
000300044b535445,tmd.1
000300044b535543,00000000
000300044b535543,tmd.0
000300044b535545,00000000
000300044b535545,tmd.1
000300044b53554a,00000000
000300044b53554a,tmd.0
000300044b535556,00000000
000300044b535556,tmd.0
000300044b535645,00000001
000300044b535645,tmd.3
000300044b535650,00000000
000300044b535650,tmd.0
000300044b535745,00000001
000300044b535745,tmd.1
000300044b535756,00000000
000300044b535756,tmd.0
000300044b53584a,00000000
000300044b53584a,tmd.0
000300044b535945,00000001
000300044b535945,tmd.1
000300044b535950,00000002
000300044b535950,tmd.2
000300044b543245,00000000
000300044b543245,tmd.0
000300044b54324a,00000000
000300044b54324a,tmd.0
000300044b543250,00000001
000300044b543250,tmd.1
000300044b543345,00000001
000300044b543345,tmd.1
000300044b543356,00000003
000300044b543356,tmd.4
000300044b54344a,00000000
000300044b54344a,tmd.0
000300044b543545,00000000
000300044b543545,tmd.1
000300044b543550,00000000
000300044b543550,tmd.3
000300044b543845,00000000
000300044b543845,tmd.1
000300044b54384a,00000000
000300044b54384a,tmd.0
000300044b543850,00000000
000300044b543850,tmd.0
000300044b543945,00000000
000300044b543945,tmd.2
000300044b54394a,00000000
000300044b54394a,tmd.0
000300044b543950,00000000
000300044b543950,tmd.0
000300044b544145,00000000
000300044b544145,tmd.1
000300044b54414a,00000000
000300044b54414a,tmd.0
000300044b54414b,00000000
000300044b54414b,tmd.0
000300044b544150,00000001
000300044b544150,tmd.1
000300044b544243,00000000
000300044b544243,tmd.0
000300044b54424a,00000000
000300044b54424a,tmd.0
000300044b54424b,00000000
000300044b54424b,tmd.0
000300044b544250,00000000
000300044b544250,tmd.0
000300044b544354,00000000
000300044b544354,tmd.0
000300044b544454,00000001
000300044b544454,tmd.1
000300044b544545,00000000
000300044b544545,tmd.0
000300044b544556,00000000
000300044b544556,tmd.0
000300044b544645,00000000
000300044b544645,tmd.0
000300044b544650,00000002
000300044b544650,tmd.2
000300044b544655,00000002
000300044b544655,tmd.2
000300044b54474a,00000001
000300044b54474a,tmd.1
000300044b544845,00000002
000300044b544845,tmd.3
000300044b544945,00000003
000300044b544945,tmd.3
000300044b544a4a,00000000
000300044b544a4a,tmd.0
000300044b544b4a,00000000
000300044b544b4a,tmd.0
000300044b544c45,00000000
000300044b544c45,tmd.1
000300044b544d4a,00000000
000300044b544d4a,tmd.0
000300044b544e4a,00000000
000300044b544e4a,tmd.0
000300044b545043,00000000
000300044b545043,tmd.0
000300044b54504a,00000000
000300044b54504a,tmd.0
000300044b54504b,00000000
000300044b54504b,tmd.0
000300044b545050,00000000
000300044b545050,tmd.0
000300044b54514a,00000001
000300044b54514a,tmd.1
000300044b545243,00000000
000300044b545243,tmd.0
000300044b54524a,00000000
000300044b54524a,tmd.0
000300044b54524b,00000000
000300044b54524b,tmd.0
000300044b545250,00000000
000300044b545250,tmd.0
000300044b545254,00000000
000300044b545254,tmd.1
000300044b545345,00000001
000300044b545345,tmd.1
000300044b545350,00000002
000300044b545350,tmd.2
000300044b545355,00000002
000300044b545355,tmd.2
000300044b545545,00000000
000300044b545545,tmd.0
000300044b54554a,00000000
000300044b54554a,tmd.0
000300044b54564a,00000000
000300044b54564a,tmd.1
000300044b545745,00000002
000300044b545745,tmd.2
000300044b545750,00000002
000300044b545750,tmd.2
000300044b545845,00000001
000300044b545845,tmd.1
000300044b54584a,00000000
000300044b54584a,tmd.0
000300044b545856,00000001
000300044b545856,tmd.1
000300044b54594a,00000001
000300044b54594a,tmd.1
000300044b545954,00000000
000300044b545954,tmd.1
000300044b545a4a,00000003
000300044b545a4a,tmd.3
000300044b55324a,00000001
000300044b55324a,tmd.1
000300044b553345,00000000
000300044b553345,tmd.0
000300044b55344a,00000000
000300044b55344a,tmd.0
000300044b553545,00000000
000300044b553545,tmd.1
000300044b553550,00000000
000300044b553550,tmd.0
000300044b55364a,00000000
000300044b55364a,tmd.0
000300044b553745,00000000
000300044b553745,tmd.1
000300044b553750,00000000
000300044b553750,tmd.2
000300044b55384a,00000000
000300044b55384a,tmd.0
000300044b553945,00000000
000300044b553945,tmd.0
000300044b55394a,00000000
000300044b55394a,tmd.0
000300044b554145,00000001
000300044b554145,tmd.1
000300044b554245,00000000
000300044b554245,tmd.4
000300044b554250,0000000c
000300044b554250,tmd.12
000300044b554345,00000000
000300044b554345,tmd.1
000300044b55444a,00000000
000300044b55444a,tmd.0
000300044b55474a,00000000
000300044b55474a,tmd.0
000300044b554945,00000000
000300044b554945,tmd.0
000300044b554950,00000001
000300044b554950,tmd.2
000300044b554a45,00000000
000300044b554a45,tmd.0
000300044b554a4a,00000000
000300044b554a4a,tmd.0
000300044b554a56,00000000
000300044b554a56,tmd.1
000300044b554b45,00000000
000300044b554b45,tmd.2
000300044b554d45,00000000
000300044b554d45,tmd.1
000300044b554d4a,00000000
000300044b554d4a,tmd.0
000300044b554d50,00000000
000300044b554d50,tmd.1
000300044b554e45,00000005
000300044b554e45,tmd.5
000300044b554e4a,00000002
000300044b554e4a,tmd.3
000300044b554e56,00000008
000300044b554e56,tmd.257
000300044b554f45,00000000
000300044b554f45,tmd.2
000300044b555045,00000000
000300044b555045,tmd.0
000300044b555050,00000001
000300044b555050,tmd.1
000300044b555145,00000001
000300044b555145,tmd.3
000300044b555245,00000000
000300044b555245,tmd.0
000300044b55524a,00000000
000300044b55524a,tmd.0
000300044b555250,00000000
000300044b555250,tmd.1
000300044b555345,00000001
000300044b555345,tmd.2
000300044b55534a,00000000
000300044b55534a,tmd.0
000300044b55544a,00000000
000300044b55544a,tmd.0
000300044b555645,00000000
000300044b555645,tmd.1
000300044b555650,00000000
000300044b555650,tmd.3
000300044b555743,00000000
000300044b555743,tmd.0
000300044b555745,00000000
000300044b555745,tmd.0
000300044b55574a,00000000
000300044b55574a,tmd.0
000300044b55574b,00000000
000300044b55574b,tmd.0
000300044b555756,00000000
000300044b555756,tmd.0
000300044b55584a,00000000
000300044b55584a,tmd.0
000300044b563245,00000000
000300044b563245,tmd.4
000300044b56324a,00000000
000300044b56324a,tmd.0
000300044b563250,00000003
000300044b563250,tmd.3
000300044b563345,00000000
000300044b563345,tmd.0
000300044b56334a,00000000
000300044b56334a,tmd.1
000300044b563445,00000000
000300044b563445,tmd.0
000300044b56344a,00000000
000300044b56344a,tmd.0
000300044b563945,00000000
000300044b563945,tmd.0
000300044b564345,00000001
000300044b564345,tmd.2
000300044b564350,00000000
000300044b564350,tmd.1
000300044b564545,00000000
000300044b564545,tmd.0
000300044b56454a,00000000
000300044b56454a,tmd.0
000300044b56464a,00000001
000300044b56464a,tmd.1
000300044b564745,00000001
000300044b564745,tmd.1
000300044b56474a,00000000
000300044b56474a,tmd.0
000300044b564756,00000002
000300044b564756,tmd.2
000300044b564845,00000001
000300044b564845,tmd.1
000300044b564850,00000000
000300044b564850,tmd.0
000300044b564945,00000001
000300044b564945,tmd.5
000300044b56494a,00000000
000300044b56494a,tmd.0
000300044b564950,00000003
000300044b564950,tmd.3
000300044b564b45,00000001
000300044b564b45,tmd.1
000300044b564b56,00000000
000300044b564b56,tmd.0
000300044b564c45,00000000
000300044b564c45,tmd.1
000300044b564c4a,00000000
000300044b564c4a,tmd.0
000300044b564c50,00000000
000300044b564c50,tmd.0
000300044b564d4a,00000001
000300044b564d4a,tmd.1
000300044b564f56,00000001
000300044b564f56,tmd.1
000300044b565045,00000000
000300044b565045,tmd.5
000300044b565056,00000004
000300044b565056,tmd.4
000300044b565145,00000003
000300044b565145,tmd.3
000300044b56514a,00000000
000300044b56514a,tmd.0
000300044b565345,00000001
000300044b565345,tmd.1
000300044b56534a,00000001
000300044b56534a,tmd.1
000300044b565350,00000000
000300044b565350,tmd.0
000300044b565445,00000003
000300044b565445,tmd.3
000300044b565456,00000004
000300044b565456,tmd.4
000300044b565545,00000000
000300044b565545,tmd.0
000300044b565645,00000000
000300044b565645,tmd.0
000300044b565745,00000000
000300044b565745,tmd.0
000300044b565845,00000000
000300044b565845,tmd.0
000300044b56584a,00000002
000300044b56584a,tmd.2
000300044b565850,00000000
000300044b565850,tmd.0
000300044b57344a,00000001
000300044b57344a,tmd.1
000300044b573645,00000001
000300044b573645,tmd.1
000300044b573845,00000001
000300044b573845,tmd.1
000300044b574243,00000000
000300044b574243,tmd.0
000300044b574245,00000000
000300044b574245,tmd.0
000300044b57424a,00000001
000300044b57424a,tmd.1
000300044b574256,00000000
000300044b574256,tmd.0
000300044b574343,00000000
000300044b574343,tmd.0
000300044b574345,00000000
000300044b574345,tmd.0
000300044b57434a,00000001
000300044b57434a,tmd.1
000300044b574356,00000000
000300044b574356,tmd.0
000300044b574443,00000000
000300044b574443,tmd.0
000300044b574445,00000000
000300044b574445,tmd.0
000300044b57444a,00000000
000300044b57444a,tmd.0
000300044b574456,00000000
000300044b574456,tmd.0
000300044b574643,00000000
000300044b574643,tmd.0
000300044b574645,00000000
000300044b574645,tmd.0
000300044b57464a,00000001
000300044b57464a,tmd.1
000300044b574656,00000001
000300044b574656,tmd.1
000300044b574743,00000000
000300044b574743,tmd.0
000300044b574745,00000000
000300044b574745,tmd.0
000300044b57474a,00000001
000300044b57474a,tmd.1
000300044b574756,00000001
000300044b574756,tmd.1
000300044b574b45,00000000
000300044b574b45,tmd.0
000300044b574b50,00000000
000300044b574b50,tmd.0
000300044b574c45,00000004
000300044b574c45,tmd.4
000300044b574c4a,00000000
000300044b574c4a,tmd.1
000300044b574c4b,00000000
000300044b574c4b,tmd.0
000300044b574d45,00000000
000300044b574d45,tmd.1
000300044b574d4a,00000000
000300044b574d4a,tmd.0
000300044b574d50,00000000
000300044b574d50,tmd.3
000300044b574e50,00000006
000300044b574e50,tmd.6
000300044b574f45,00000004
000300044b574f45,tmd.4
000300044b574f50,00000006
000300044b574f50,tmd.6
000300044b57504a,00000000
000300044b57504a,tmd.0
000300044b57504b,00000000
000300044b57504b,tmd.0
000300044b575145,00000000
000300044b575145,tmd.1
000300044b57514a,00000001
000300044b57514a,tmd.1
000300044b575245,00000000
000300044b575245,tmd.0
000300044b575345,00000004
000300044b575345,tmd.5
000300044b575350,00000001
000300044b575350,tmd.1
000300044b575445,00000000
000300044b575445,tmd.1
000300044b57544a,00000001
000300044b57544a,tmd.1
000300044b575450,00000001
000300044b575450,tmd.1
000300044b575544,00000002
000300044b575544,tmd.2
000300044b57564a,00000000
000300044b57564a,tmd.0
000300044b57574a,00000000
000300044b57574a,tmd.1
000300044b575945,00000000
000300044b575945,tmd.1
000300044b57594a,00000000
000300044b57594a,tmd.1
000300044b575950,00000002
000300044b575950,tmd.2
000300044b583245,00000002
000300044b583245,tmd.2
000300044b583250,00000000
000300044b583250,tmd.2
000300044b583345,00000000
000300044b583345,tmd.0
000300044b583350,00000000
000300044b583350,tmd.0
000300044b583445,00000000
000300044b583445,tmd.2
000300044b583450,00000000
000300044b583450,tmd.0
000300044b583545,00000000
000300044b583545,tmd.0
000300044b583550,00000000
000300044b583550,tmd.0
000300044b583645,00000001
000300044b583645,tmd.1
000300044b583650,00000000
000300044b583650,tmd.1
000300044b58374a,00000001
000300044b58374a,tmd.1
000300044b58384a,00000002
000300044b58384a,tmd.2
000300044b58394a,00000000
000300044b58394a,tmd.0
000300044b584145,00000000
000300044b584145,tmd.2
000300044b58414a,00000000
000300044b58414a,tmd.0
000300044b584156,00000000
000300044b584156,tmd.0
000300044b584245,00000002
000300044b584245,tmd.3
000300044b584250,00000003
000300044b584250,tmd.3
000300044b584345,00000000
000300044b584345,tmd.0
000300044b58434a,00000000
000300044b58434a,tmd.0
000300044b584356,00000000
000300044b584356,tmd.1
000300044b584445,00000001
000300044b584445,tmd.3
000300044b584450,00000000
000300044b584450,tmd.0
000300044b584545,00000000
000300044b584545,tmd.1
000300044b58454a,00000000
000300044b58454a,tmd.0
000300044b584550,00000000
000300044b584550,tmd.0
000300044b584645,00000000
000300044b584645,tmd.0
000300044b584650,00000000
000300044b584650,tmd.1
000300044b584745,00000000
000300044b584745,tmd.0
000300044b584750,00000000
000300044b584750,tmd.1
000300044b584845,00000000
000300044b584845,tmd.0
000300044b584856,00000000
000300044b584856,tmd.4
000300044b584945,00000001
000300044b584945,tmd.1
000300044b584950,00000004
000300044b584950,tmd.4
000300044b584a45,00000001
000300044b584a45,tmd.4
000300044b584a50,00000000
000300044b584a50,tmd.3
000300044b584b45,00000000
000300044b584b45,tmd.4
000300044b584b50,00000000
000300044b584b50,tmd.1
000300044b584c45,00000000
000300044b584c45,tmd.0
000300044b584c50,00000004
000300044b584c50,tmd.4
000300044b584d45,00000001
000300044b584d45,tmd.2
000300044b584d50,00000000
000300044b584d50,tmd.0
000300044b584e4a,00000001
000300044b584e4a,tmd.1
000300044b584f45,00000000
000300044b584f45,tmd.0
000300044b584f56,00000000
000300044b584f56,tmd.0
000300044b585045,00000000
000300044b585045,tmd.2
000300044b585050,00000000
000300044b585050,tmd.0
000300044b585145,00000000
000300044b585145,tmd.0
000300044b585150,00000006
000300044b585150,tmd.6
000300044b585245,00000001
000300044b585245,tmd.3
000300044b585250,00000000
000300044b585250,tmd.3
000300044b585345,00000000
000300044b585345,tmd.0
000300044b58534a,00000000
000300044b58534a,tmd.0
000300044b585350,00000000
000300044b585350,tmd.1
000300044b585445,00000000
000300044b585445,tmd.4
000300044b585450,00000000
000300044b585450,tmd.0
000300044b585545,00000002
000300044b585545,tmd.2
000300044b58554a,00000000
000300044b58554a,tmd.0
000300044b585550,00000000
000300044b585550,tmd.1
000300044b585745,00000000
000300044b585745,tmd.3
000300044b585750,00000000
000300044b585750,tmd.1
000300044b58584a,00000000
000300044b58584a,tmd.0
000300044b58594a,00000000
000300044b58594a,tmd.0
000300044b585a4a,00000000
000300044b585a4a,tmd.0
000300044b59334a,00000000
000300044b59334a,tmd.0
000300044b593445,00000002
000300044b593445,tmd.4
000300044b593456,00000000
000300044b593456,tmd.1
000300044b593550,00000000
000300044b593550,tmd.4
000300044b593645,00000000
000300044b593645,tmd.0
000300044b593745,00000000
000300044b593745,tmd.0
000300044b593845,00000000
000300044b593845,tmd.0
000300044b59384a,00000000
000300044b59384a,tmd.0
000300044b593850,00000000
000300044b593850,tmd.0
000300044b59394a,00000001
000300044b59394a,tmd.1
000300044b59414a,00000000
000300044b59414a,tmd.0
000300044b594245,00000000
000300044b594245,tmd.0
000300044b59424a,00000001
000300044b59424a,tmd.1
000300044b594256,00000000
000300044b594256,tmd.0
000300044b59434a,00000000
000300044b59434a,tmd.0
000300044b594545,00000000
000300044b594545,tmd.0
000300044b594745,00000000
000300044b594745,tmd.0
000300044b594845,00000000
000300044b594845,tmd.0
000300044b594856,00000000
000300044b594856,tmd.0
000300044b594945,00000003
000300044b594945,tmd.3
000300044b594956,00000000
000300044b594956,tmd.0
000300044b594a45,00000000
000300044b594a45,tmd.2
000300044b594b4a,00000001
000300044b594b4a,tmd.2
000300044b594c45,00000000
000300044b594c45,tmd.1
000300044b594c50,00000000
000300044b594c50,tmd.0
000300044b594e45,00000000
000300044b594e45,tmd.0
000300044b594e50,00000000
000300044b594e50,tmd.2
000300044b594f4a,00000001
000300044b594f4a,tmd.1
000300044b595045,00000001
000300044b595045,tmd.3
000300044b595050,00000001
000300044b595050,tmd.3
000300044b595245,00000000
000300044b595245,tmd.2
000300044b59524a,00000000
000300044b59524a,tmd.1
000300044b595256,00000000
000300044b595256,tmd.3
000300044b595345,00000002
000300044b595345,tmd.2
000300044b59534a,00000001
000300044b59534a,tmd.1
000300044b595350,00000002
000300044b595350,tmd.2
000300044b595545,00000003
000300044b595545,tmd.3
000300044b595556,00000001
000300044b595556,tmd.1
000300044b595745,00000000
000300044b595745,tmd.0
000300044b595945,00000000
000300044b595945,tmd.2
000300044b5a324a,00000000
000300044b5a324a,tmd.0
000300044b5a334a,00000001
000300044b5a334a,tmd.1
000300044b5a3445,00000000
000300044b5a3445,tmd.2
000300044b5a3645,00000000
000300044b5a3645,tmd.0
000300044b5a364a,00000000
000300044b5a364a,tmd.0
000300044b5a3650,00000001
000300044b5a3650,tmd.1
000300044b5a3745,00000000
000300044b5a3745,tmd.2
000300044b5a3845,00000000
000300044b5a3845,tmd.0
000300044b5a394a,00000002
000300044b5a394a,tmd.2
000300044b5a4145,00000003
000300044b5a4145,tmd.4
000300044b5a4156,00000005
000300044b5a4156,tmd.5
000300044b5a4245,00000002
000300044b5a4245,tmd.2
000300044b5a4250,00000001
000300044b5a4250,tmd.1
000300044b5a4345,00000000
000300044b5a4345,tmd.0
000300044b5a434a,00000000
000300044b5a434a,tmd.0
000300044b5a4545,00000002
000300044b5a4545,tmd.2
000300044b5a4550,00000003
000300044b5a4550,tmd.3
000300044b5a4645,00000000
000300044b5a4645,tmd.0
000300044b5a464a,00000000
000300044b5a464a,tmd.0
000300044b5a4656,00000000
000300044b5a4656,tmd.0
000300044b5a4745,00000001
000300044b5a4745,tmd.1
000300044b5a4756,00000005
000300044b5a4756,tmd.5
000300044b5a4845,00000000
000300044b5a4845,tmd.2
000300044b5a4850,00000000
000300044b5a4850,tmd.0
000300044b5a494b,00000000
000300044b5a494b,tmd.0
000300044b5a4a45,00000000
000300044b5a4a45,tmd.0
000300044b5a4a4a,00000000
000300044b5a4a4a,tmd.0
000300044b5a4b4b,00000000
000300044b5a4b4b,tmd.0
000300044b5a4c45,00000000
000300044b5a4c45,tmd.2
000300044b5a4c56,00000001
000300044b5a4c56,tmd.1
000300044b5a4e4a,00000000
000300044b5a4e4a,tmd.1
000300044b5a4e4b,00000000
000300044b5a4e4b,tmd.0
000300044b5a4f45,00000000
000300044b5a4f45,tmd.1
000300044b5a4f4a,00000000
000300044b5a4f4a,tmd.0
000300044b5a4f50,00000000
000300044b5a4f50,tmd.3
000300044b5a5045,00000001
000300044b5a5045,tmd.1
000300044b5a5056,00000000
000300044b5a5056,tmd.0
000300044b5a5345,00000000
000300044b5a5345,tmd.3
000300044b5a5356,00000003
000300044b5a5356,tmd.3
000300044b5a5445,00000000
000300044b5a5445,tmd.1
000300044b5a5456,00000000
000300044b5a5456,tmd.1
000300044b5a5545,00000000
000300044b5a5545,tmd.0
000300044b5a5645,00000000
000300044b5a5645,tmd.0
000300044b5a584a,00000000
000300044b5a584a,tmd.0
000300044b5a5945,00000000
000300044b5a5945,tmd.1
000300044b5a5950,00000000
000300044b5a5950,tmd.0
000300044b5a5a45,00000003
000300044b5a5a45,tmd.3
00030005484e4441,00000001
00030005484e4441,tmd.256
00030005484e4945,00000003
00030005484e4945,tmd.1024
00030005484e494a,00000003
00030005484e494a,tmd.1024
00030005484e494a,00000001
00030005484e494a,tmd.256
00030005484e494a,00000002
00030005484e494a,tmd.768
00030005484e4950,00000003
00030005484e4950,tmd.1024
00030005484e4955,00000003
00030005484e4955,tmd.1024
00030005484e4a45,00000002
00030005484e4a45,tmd.512
00030005484e4a4a,00000002
00030005484e4a4a,tmd.512
00030005484e4a50,00000002
00030005484e4a50,tmd.512
00030005484e4a55,00000002
00030005484e4a55,tmd.512
00030005484e4b45,00000001
00030005484e4b45,tmd.256
00030005484e4b4a,00000001
00030005484e4b4a,tmd.256
00030005484e4b50,00000001
00030005484e4b50,tmd.256
00030005484e4b55,00000001
00030005484e4b55,tmd.256
0003000f484e4341,00000001
0003000f484e4341,tmd.256
0003000f484e4841,00000004
0003000f484e4841,tmd.1024
0003000f484e4841,00000005
0003000f484e4841,tmd.1280
0003000f484e4841,00000006
0003000f484e4841,tmd.1536
0003000f484e4841,00000001
0003000f484e4841,tmd.256
0003000f484e4841,00000002
0003000f484e4841,tmd.512
0003000f484e4841,00000003
0003000f484e4841,tmd.768
0003000f484e4c43,00000001
0003000f484e4c43,tmd.4
0003000f484e4c43,00000002
0003000f484e4c43,tmd.5
0003000f484e4c43,00000003
0003000f484e4c43,tmd.6
0003000f484e4c43,00000004
0003000f484e4c43,tmd.7
0003000f484e4c43,00000005
0003000f484e4c43,tmd.8
0003000f484e4c43,00000006
0003000f484e4c43,tmd.9
0003000f484e4c45,00000003
0003000f484e4c45,tmd.3
0003000f484e4c45,00000004
0003000f484e4c45,tmd.4
0003000f484e4c45,00000005
0003000f484e4c45,tmd.5
0003000f484e4c45,00000006
0003000f484e4c45,tmd.6
0003000f484e4c45,00000007
0003000f484e4c45,tmd.7
0003000f484e4c45,00000008
0003000f484e4c45,tmd.8
0003000f484e4c45,00000009
0003000f484e4c45,tmd.9
0003000f484e4c4a,00000001
0003000f484e4c4a,tmd.1
0003000f484e4c4a,00000002
0003000f484e4c4a,tmd.2
0003000f484e4c4a,00000003
0003000f484e4c4a,tmd.3
0003000f484e4c4a,00000004
0003000f484e4c4a,tmd.4
0003000f484e4c4a,00000005
0003000f484e4c4a,tmd.5
0003000f484e4c4a,00000006
0003000f484e4c4a,tmd.6
0003000f484e4c4a,00000007
0003000f484e4c4a,tmd.7
0003000f484e4c4a,00000008
0003000f484e4c4a,tmd.8
0003000f484e4c4a,00000009
0003000f484e4c4a,tmd.9
0003000f484e4c4b,00000002
0003000f484e4c4b,tmd.5
0003000f484e4c4b,00000003
0003000f484e4c4b,tmd.6
0003000f484e4c4b,00000004
0003000f484e4c4b,tmd.7
0003000f484e4c4b,00000005
0003000f484e4c4b,tmd.8
0003000f484e4c4b,00000006
0003000f484e4c4b,tmd.9
0003000f484e4c50,00000003
0003000f484e4c50,tmd.3
0003000f484e4c50,00000004
0003000f484e4c50,tmd.4
0003000f484e4c50,00000005
0003000f484e4c50,tmd.5
0003000f484e4c50,00000006
0003000f484e4c50,tmd.6
0003000f484e4c50,00000007
0003000f484e4c50,tmd.7
0003000f484e4c50,00000008
0003000f484e4c50,tmd.8
0003000f484e4c50,00000009
0003000f484e4c50,tmd.9
0003000f484e4c55,00000003
0003000f484e4c55,tmd.3
0003000f484e4c55,00000004
0003000f484e4c55,tmd.4
0003000f484e4c55,00000005
0003000f484e4c55,tmd.5
0003000f484e4c55,00000006
0003000f484e4c55,tmd.6
0003000f484e4c55,00000007
0003000f484e4c55,tmd.7
0003000f484e4c55,00000008
0003000f484e4c55,tmd.8
0003000f484e4c55,00000009
0003000f484e4c55,tmd.9
00030015484e4243,00000001
00030015484e4243,tmd.768
00030015484e4245,00000002
00030015484e4245,tmd.512
00030015484e424a,00000002
00030015484e424a,tmd.512
00030015484e424b,00000001
00030015484e424b,tmd.768
00030015484e4250,00000002
00030015484e4250,tmd.512
00030015484e4255,00000002
00030015484e4255,tmd.512
00030015484e4643,00000001
00030015484e4643,tmd.1792
00030015484e4643,00000002
00030015484e4643,tmd.2048
00030015484e4643,00000003
00030015484e4643,tmd.2304
00030015484e4643,00000004
00030015484e4643,tmd.2560
00030015484e4643,00000005
00030015484e4643,tmd.2816
00030015484e4643,00000006
00030015484e4643,tmd.3072
00030015484e4645,00000003
00030015484e4645,tmd.1536
00030015484e4645,00000004
00030015484e4645,tmd.1792
00030015484e4645,00000005
00030015484e4645,tmd.2048
00030015484e4645,00000006
00030015484e4645,tmd.2304
00030015484e4645,00000007
00030015484e4645,tmd.2560
00030015484e4645,00000008
00030015484e4645,tmd.2816
00030015484e4645,00000009
00030015484e4645,tmd.3072
00030015484e464a,00000001
00030015484e464a,tmd.1024
00030015484e464a,00000002
00030015484e464a,tmd.1280
00030015484e464a,00000003
00030015484e464a,tmd.1536
00030015484e464a,00000004
00030015484e464a,tmd.1792
00030015484e464a,00000005
00030015484e464a,tmd.2048
00030015484e464a,00000006
00030015484e464a,tmd.2304
00030015484e464a,00000007
00030015484e464a,tmd.2560
00030015484e464a,00000008
00030015484e464a,tmd.2816
00030015484e464a,00000009
00030015484e464a,tmd.3072
00030015484e464b,00000001
00030015484e464b,tmd.1792
00030015484e464b,00000002
00030015484e464b,tmd.2048
00030015484e464b,00000003
00030015484e464b,tmd.2304
00030015484e464b,00000004
00030015484e464b,tmd.2560
00030015484e464b,00000005
00030015484e464b,tmd.2816
00030015484e464b,00000006
00030015484e464b,tmd.3072
00030015484e4650,00000003
00030015484e4650,tmd.1536
00030015484e4650,00000004
00030015484e4650,tmd.1792
00030015484e4650,00000005
00030015484e4650,tmd.2048
00030015484e4650,00000006
00030015484e4650,tmd.2304
00030015484e4650,00000007
00030015484e4650,tmd.2560
00030015484e4650,00000008
00030015484e4650,tmd.2816
00030015484e4650,00000009
00030015484e4650,tmd.3072
00030015484e4655,00000003
00030015484e4655,tmd.1536
00030015484e4655,00000004
00030015484e4655,tmd.1792
00030015484e4655,00000005
00030015484e4655,tmd.2048
00030015484e4655,00000006
00030015484e4655,tmd.2304
00030015484e4655,00000007
00030015484e4655,tmd.2560
00030015484e4655,00000008
00030015484e4655,tmd.2816
00030015484e4655,00000009
00030015484e4655,tmd.3072
00030015484e4f45,00000001
00030015484e4f45,tmd.256
00030015484e4f4a,00000000
00030015484e4f4a,tmd.0
00030015484e4f4b,00000000
00030015484e4f4b,tmd.0
00030015484e4f50,00000000
00030015484e4f50,tmd.0
00030015484e4f55,00000000
00030015484e4f55,tmd.0
00030017484e4143,00000002
00030017484e4143,tmd.1024
00030017484e4143,00000003
00030017484e4143,tmd.1280
00030017484e4143,00000004
00030017484e4143,tmd.1536
00030017484e4143,00000005
00030017484e4143,tmd.1792
00030017484e4143,00000001
00030017484e4143,tmd.768
00030017484e4145,00000004
00030017484e4145,tmd.1024
00030017484e4145,00000005
00030017484e4145,tmd.1280
00030017484e4145,00000006
00030017484e4145,tmd.1536
00030017484e4145,00000007
00030017484e4145,tmd.1792
00030017484e4145,00000002
00030017484e4145,tmd.512
00030017484e4145,00000003
00030017484e4145,tmd.768
00030017484e414a,00000004
00030017484e414a,tmd.1024
00030017484e414a,00000005
00030017484e414a,tmd.1280
00030017484e414a,00000006
00030017484e414a,tmd.1536
00030017484e414a,00000007
00030017484e414a,tmd.1792
00030017484e414a,00000001
00030017484e414a,tmd.256
00030017484e414a,00000002
00030017484e414a,tmd.512
00030017484e414a,00000003
00030017484e414a,tmd.768
00030017484e414b,00000002
00030017484e414b,tmd.1024
00030017484e414b,00000003
00030017484e414b,tmd.1280
00030017484e414b,00000004
00030017484e414b,tmd.1536
00030017484e414b,00000005
00030017484e414b,tmd.1792
00030017484e414b,00000001
00030017484e414b,tmd.768
00030017484e4150,00000004
00030017484e4150,tmd.1024
00030017484e4150,00000005
00030017484e4150,tmd.1280
00030017484e4150,00000006
00030017484e4150,tmd.1536
00030017484e4150,00000007
00030017484e4150,tmd.1792
00030017484e4150,00000002
00030017484e4150,tmd.512
00030017484e4150,00000003
00030017484e4150,tmd.768
00030017484e4155,00000004
00030017484e4155,tmd.1024
00030017484e4155,00000005
00030017484e4155,tmd.1280
00030017484e4155,00000006
00030017484e4155,tmd.1536
00030017484e4155,00000007
00030017484e4155,tmd.1792
00030017484e4155,00000002
00030017484e4155,tmd.512
00030017484e4155,00000003
00030017484e4155,tmd.768
